uuid,firstname,lastname,company,email,phone_number
0,Wendy,Ramos,Schaefer-Morris,ashleypowell@chang.biz,+1-016-246-2240x0680
1,Christopher,Madden,Perez-Mcguire,lmarks@hotmail.com,+1-222-083-9720x963
2,Marcus,Guerrero,"Thompson, Valencia and Villa",crystal09@sampson-robinson.com,0046652248
3,Brandy,Hernandez,"Tapia, Pennington and Wong",julianwilkerson@nelson-sandoval.net,(232)446-3327x36160
4,Phillip,Norton,"Dorsey, Hernandez and Cooke",swhitaker@yahoo.com,001-828-621-5586
5,Brenda,Orr,"Phillips, Bowers and Esparza",laura34@blake.com,001-513-199-9023x0693
6,Kristy,Wood,"Burns, Dean and Zamora",olivia63@taylor.com,043-792-6474
7,Garrett,Nguyen,Harper-Colon,cbryant@smith-gutierrez.org,4596048624
8,Sherri,Clark,"Rice, Davis and Bates",kimberlygrant@gmail.com,001-250-529-9086x975
9,Michael,Bailey,Eaton-Alexander,lisacarroll@hotmail.com,8738407449
10,Carmen,Brooks,Miller Inc,johnsoncrystal@everett.com,828-206-6045x98084
11,Lisa,Morgan,Gonzalez-Davis,anthonyramirez@marquez-garza.com,001-319-003-7358
12,Laurie,Graham,Morris and Sons,bradley63@smith.org,082-259-9699
13,Elizabeth,Johnson,"Hill, Hess and Thomas",lbarton@davis.org,+1-370-857-9392x7924
14,Tyler,Smith,"Williams, Williams and Miranda",xhernandez@hotmail.com,001-376-930-6204x9433
15,Jacob,Scott,Gordon-Evans,jasmine26@hotmail.com,495-183-6001x01572
16,Jasmin,Torres,Frederick Ltd,karen68@gmail.com,001-252-017-7153x763
17,Anthony,Vargas,"Cole, Ellis and Salinas",nicole89@yahoo.com,630.726.7140
18,Kristin,Allen,Williams-Gibson,hatfieldellen@hotmail.com,+1-190-891-1331
19,Jo,Jackson,"Wilson, Melendez and Rodgers",annette92@massey.biz,001-795-892-0903
20,Sabrina,Carter,Robinson-Green,gnovak@valencia-powell.net,825-384-5775
21,Samuel,Gardner,Bryan-Garza,collierjason@bender-simmons.com,+1-412-344-5261x325
22,Tyler,Houston,"Jenkins, Reeves and Hudson",myoung@yahoo.com,+1-879-967-8535x71278
23,Tyrone,Merritt,"Hernandez, Roberts and Holmes",daniellewilson@obrien.com,001-043-861-3094x094
24,Heidi,Gonzalez,Coleman Group,hbenson@mullins.info,+1-410-605-3991x931
25,James,Delgado,"Reid, Hale and Patel",davisphilip@choi.com,244.663.1209x35579
26,Matthew,Bentley,Edwards-Harrison,kevinharper@gmail.com,+1-967-402-0682x018
27,Madison,Wallace,Hendrix LLC,zacharynelson@yahoo.com,670.322.8680
28,Darrell,Brown,"Swanson, Martin and Graham",codyschroeder@hardin-rodriguez.com,784-696-9479
29,Vanessa,Ramirez,"Whitney, Proctor and Valenzuela",deanna49@yahoo.com,(202)826-7723x884
30,Lisa,Wong,Marshall Inc,francissarah@nguyen.biz,440-035-2005x0110
31,Teresa,Graham,Smith Inc,elizabeth88@dean-lee.com,+1-038-847-9140x554
32,Randy,Rodriguez,"Burke, Phillips and Lucas",tanyarobinson@bates.org,001-960-341-5494x289
33,Kimberly,Brown,Brown-Chavez,mary56@yahoo.com,2054367357
34,Levi,Nelson,David-Carter,laurendavidson@craig.com,+1-161-405-4329
35,Dustin,Anderson,Fernandez-Sanders,gomezchristopher@hotmail.com,001-059-869-6369x82228
36,Stephen,Delgado,Rodriguez Inc,qmcdonald@gmail.com,+1-468-447-5121x80931
37,Francisco,Bailey,Johnson and Sons,smithrobert@austin.com,324.471.4352
38,Stephanie,Mcdaniel,"Alvarez, Jones and Murphy",sabrinarice@hotmail.com,(181)512-4680x90324
39,Nicole,Clarke,Barron Inc,heathersimmons@hotmail.com,001-847-946-1941x127
40,John,Kennedy,"Castillo, Anderson and Underwood",epineda@hotmail.com,5077918688
41,Maria,Molina,"Jones, Barnett and Edwards",lcampbell@yahoo.com,148-632-9407x539
42,Danny,Guzman,"Howard, Sanchez and Walker",kimberly93@yahoo.com,043-247-8844
43,Sarah,Guzman,Avery Ltd,tiffany78@hotmail.com,473-309-9161x2788
44,Jesse,Gomez,"Hicks, Rice and Tyler",josephkelly@hotmail.com,(409)866-8930x13600
45,Randy,Johnson,Martinez-Phillips,janele@hotmail.com,138.696.8171x8994
46,Sarah,Hall,Romero-Williams,laramichael@hotmail.com,(733)477-2723
47,Bradley,Briggs,"Hanson, Prince and Beltran",daltonjeffrey@frazier-riggs.biz,(261)886-8603x59343
48,Brad,Solomon,Arias-Bailey,josephthomas@webb-reed.com,+1-115-546-3877x627
49,Charles,Cabrera,Crawford PLC,aperez@hotmail.com,+1-981-747-4893x8376
50,Kelly,Flores,Schwartz-Scott,lee67@yahoo.com,869.319.7767x65626
51,Todd,Barnes,Good-Elliott,christopher50@robinson.com,001-550-701-4436x68850
52,Michele,Day,Juarez Group,kimberlyking@wolf-holloway.com,(371)799-2015
53,Elizabeth,Knight,"Reynolds, Mcgrath and Gonzalez",paulwalker@hotmail.com,950.075.4282x0573
54,Corey,Leonard,Ray Ltd,patrickwalker@gmail.com,001-022-390-9139
55,Charles,Richardson,Williams Ltd,xwaller@gonzalez-olsen.com,105-041-1349x35588
56,Tanner,Howell,Sawyer-Rivera,yjohnson@chang.info,562-934-8558
57,Olivia,Brown,"Cantrell, Ray and Clay",halleric@mendez.com,037.273.5082x32618
58,Diane,Lee,Oconnell-Martin,michelleallen@klein.com,451-514-9946
59,Brian,Irwin,Compton-Munoz,westchristopher@murphy.com,001-707-466-0741x138
60,Daniel,Snow,Madden-Harris,laurenwatkins@mata-farmer.com,434-265-3655x4447
61,Kevin,Shaw,"Fisher, Wood and Moore",nguyenjacqueline@yahoo.com,(059)385-5916
62,Kristi,Johnson,Cunningham-Joseph,meadowskent@gmail.com,133.491.4779x9203
63,Rhonda,Mahoney,Wilson-Petersen,wgomez@yahoo.com,986.981.8896x09446
64,Brittany,Moore,Fitzgerald and Sons,jessicamcdaniel@mueller.com,(562)696-4147
65,Breanna,Perez,Rodriguez-May,ngutierrez@hotmail.com,(915)951-7790x429
66,Jennifer,Simmons,Rowe and Sons,cory20@gmail.com,(959)298-0329x385
67,Hailey,Russell,Becker PLC,blake20@gmail.com,053-772-7226x477
68,Sharon,Griffin,Clark Ltd,ericchan@gmail.com,(519)575-2237x15656
69,Angela,Sullivan,"Miranda, Buck and Peterson",travis79@johnson-anderson.org,1153781430
70,Lisa,Thomas,Rojas-Hinton,ttaylor@rich.com,+1-682-169-0336x37399
71,Sarah,Miller,Smith LLC,kingalex@snyder-white.info,953.509.7954x04486
72,Linda,Schmidt,"Sullivan, Yang and Herrera",rpace@gmail.com,+1-489-147-2118x21362
73,Veronica,Nicholson,Mahoney Inc,eric86@valencia.info,001-351-498-0773x33652
74,Johnny,Diaz,Doyle Ltd,vsanders@hicks.com,134.386.8644
75,Kristina,Cook,Mitchell and Sons,markstrickland@gmail.com,001-431-723-3853
76,Richard,Nelson,Wallace-Moore,jessicasantos@gmail.com,+1-375-981-2616x49659
77,Alicia,Miller,"Wallace, Rodriguez and Cummings",bzamora@cortez.com,327.519.7910x6923
78,Crystal,Tran,Cannon-Fowler,stacy38@yahoo.com,187-819-7113
79,Christopher,White,Rodriguez-Morgan,debbie63@campos-proctor.net,+1-401-779-3050x46407
80,John,Garcia,"Carrillo, Scott and Alvarez",chase48@yahoo.com,887.580.9795
81,Jason,Burnett,"Scott, Myers and Fitzpatrick",feliciadudley@jones.net,+1-808-631-2572
82,Melissa,Weaver,"Perry, Lucas and Ball",bakertamara@williams.biz,(514)392-3750
83,Anna,Strickland,Jordan and Sons,johnscynthia@leblanc.com,029-191-1723x964
84,April,Smith,Heath-Harrell,jerome84@hotmail.com,785.776.7855
85,Tina,Cordova,Cross-Velasquez,mcardenas@yahoo.com,(451)248-3712x631
86,Cassidy,Tran,Haney-Flores,joseph88@lyons.com,(540)990-2026x2041
87,Cindy,Gross,Jackson-Lee,coxdaniel@conner-cox.org,001-540-790-0476x02026
88,Samantha,Perez,Mckinney-Campbell,debbie56@yahoo.com,880-372-8775x8389
89,Martha,Owens,Hicks and Sons,josephvelazquez@moss-raymond.com,+1-549-220-0551x040
90,Tina,Thompson,"Gay, Johnson and Thomas",alijeffrey@gmail.com,352-125-5857x5976
91,Andrea,Liu,Williams-Jenkins,ihatfield@yahoo.com,001-071-056-6306x370
92,James,Shaffer,"Sanchez, Stephens and Atkins",kylejackson@stewart.com,+1-869-106-5991x93327
93,Shawna,Mendoza,"Martinez, Fuentes and Hoover",oflores@yahoo.com,849.539.6676
94,Belinda,Mckee,Perez-Miller,ubutler@wolf-garner.org,+1-878-556-9632
95,Christopher,Welch,Jones LLC,drodriguez@yahoo.com,601.879.7078
96,Jessica,Willis,"Thompson, Torres and Hill",briannaschmidt@jenkins.com,208-201-3220x751
97,Anna,Perry,Harris Group,elizabethtorres@gmail.com,763.179.8218
98,Maurice,Perez,Goodman LLC,kiaragarcia@manning.org,288-553-7529x44071
99,Cynthia,Casey,Grant and Sons,omartinez@hotmail.com,213-146-3195
100,Robert,James,Baker-Pierce,beckdavid@mcintosh.net,001-231-532-8745
101,Daniel,Conley,Greene LLC,candice94@yahoo.com,001-592-354-3441x76625
102,Shelly,Perez,Bass Group,tcobb@hotmail.com,088-999-5376
103,Gloria,Braun,"Sanchez, Hernandez and Stevenson",gonzalezkaren@hensley.org,699.910.7344
104,Patricia,Irwin,Cunningham LLC,briannamorse@evans-webb.com,+1-525-930-3510x0156
105,Monica,Johns,"Thomas, Perkins and Myers",urivera@hotmail.com,+1-233-788-8496x116
106,Adam,Young,Ball LLC,rcook@gonzalez.com,959-121-8479x0644
107,Jason,Maldonado,"Chapman, Cobb and Carlson",williampage@merritt.org,015.592.2141
108,Leah,Wall,Suarez-Trevino,ebrown@valentine.com,001-648-706-3390
109,Curtis,Campbell,"Rogers, Hopkins and Farmer",jonathanstafford@blackburn-stewart.net,+1-582-691-5804x3393
110,David,Williams,"Miller, Landry and Bridges",carol95@smith.biz,821-226-9375x1768
111,Roger,Williams,Garza PLC,vbranch@miller.biz,390-655-4728x7572
112,Cody,Perry,"Holloway, Porter and Ramirez",tommymurphy@chaney.net,006.712.6466
113,William,Navarro,"Kennedy, Callahan and Jones",drogers@gmail.com,001-978-335-2252x415
114,Anthony,Hayden,"Bentley, Clements and Ponce",erin62@gmail.com,211.403.6119
115,Phillip,Miller,Gutierrez Ltd,alisonhayes@smith-lutz.com,957.506.6020
116,Carl,Mitchell,"Baker, Wu and Maynard",kyle18@berry.com,055.384.6560
117,Douglas,Henry,Ayala-Lindsey,astokes@hotmail.com,775-359-2850x9430
118,Thomas,Park,"Olson, Martin and Haynes",taylorkimberly@yahoo.com,(920)466-0041
119,Lisa,Cannon,"Gray, Stewart and Lamb",ronald05@kennedy.net,001-330-883-4552x1650
120,Erin,Martin,Bailey Inc,bradley24@hotmail.com,998-923-8792x420
121,Samantha,Jones,Best LLC,jonesgarrett@hotmail.com,2562657938
122,Courtney,Wang,Lewis Inc,nhahn@baker.info,1317271146
123,Adrienne,Lawrence,"Rogers, Brown and Cook",ybauer@hotmail.com,830-830-2954x07715
124,Madison,Webb,Villarreal-Harmon,harrisandrew@munoz-velazquez.org,001-212-568-5535
125,Mark,Adams,Newton PLC,briannajohnson@martin.com,001-192-629-6554
126,Erica,Owens,Newton Inc,umartinez@baker.com,(901)744-2265
127,Bryan,Dunlap,"Nguyen, Johnson and Reeves",donald05@yahoo.com,+1-165-986-3856x0739
128,Jeremy,Crosby,"Morrow, Long and Scott",nicholas23@gmail.com,416.471.9791x0881
129,Kenneth,Wright,Bowman-Johnson,pateljohn@hall-anthony.org,297.946.9453
130,Joan,Clay,Pham-Carson,everettmarcus@salas.info,+1-446-461-3860x7551
131,Jacob,Jordan,Suarez PLC,hannahchase@stephens-miller.com,+1-836-736-5417
132,Alicia,Drake,Wright-Ware,michael70@gmail.com,806.256.0010
133,Briana,Stone,Barnes-Martinez,nathansanchez@dominguez.com,(001)997-2375x10470
134,Ronald,David,Ortega Ltd,cookkimberly@cortez.net,330.345.0888x720
135,Felicia,Reed,Burton-Long,efischer@montgomery.com,+1-157-942-8341
136,Sharon,Ward,Campbell LLC,michellealexander@hotmail.com,001-382-380-4122
137,Kelly,Mooney,Harvey-Cox,esmith@carter.com,508.473.4269x81342
138,Sandy,Weber,Barnes-Contreras,amber09@hotmail.com,(434)456-8461x7824
139,Robert,Mcdowell,Stewart-Carr,robertsyvonne@yahoo.com,964.205.6195x182
140,Shawn,Craig,"Sanchez, Compton and Hale",fleon@clark-kelley.info,(929)633-0998x56070
141,Ricardo,Clark,Reyes PLC,john07@andrews.com,+1-945-567-1113x367
142,Cynthia,Morrison,"Knight, Barker and Doyle",thomasjulie@woods.com,393-613-8570
143,Sonya,Kelly,Rodriguez-Kane,james00@alvarez.com,866-861-1380x6920
144,Shannon,Phillips,"Bryan, Hudson and Key",gcampbell@gmail.com,855.233.8894x915
145,Mark,Roman,Holmes-Wilson,ccompton@miller-smith.com,999-917-3241x503
146,Stephanie,Reed,"Smith, Gomez and Cruz",xgomez@collier.com,001-352-213-9468x62795
147,Elizabeth,Young,Kelley Inc,wrightedward@gmail.com,2818828059
148,Jennifer,Jacobs,Fletcher-Brown,rscott@moore-davis.com,+1-615-778-5811
149,Sandra,Foster,"Nelson, Villarreal and Weber",lukejordan@hotmail.com,2680759407
150,Matthew,Dixon,"Baker, Mitchell and Miller",jennifervega@gmail.com,+1-666-626-7952x4743
151,Jeffrey,Kline,Wallace PLC,eric15@nicholson-woods.info,001-483-852-6570x25917
152,Brandy,Barnes,Brown Group,vincentlong@hotmail.com,(819)375-2717x315
153,Jason,Parker,Stewart Group,nnewton@hotmail.com,+1-365-943-2478x86431
154,Benjamin,Peters,"Miller, Meyer and Moore",jennifer21@gonzalez-brown.com,776.010.2534
155,Ashley,Jennings,"Brown, Curry and Zavala",vcook@gmail.com,444-666-0968
156,Crystal,Bennett,Pratt-Carter,ysanchez@alexander.biz,(070)315-8067
157,Susan,Chandler,Mccarty-Ruiz,dlucas@hotmail.com,(342)637-3815x102
158,Jessica,Phillips,Sweeney Inc,danielgiles@gmail.com,(862)320-6695x02787
159,Rebecca,Simpson,Moore and Sons,tayloremma@yahoo.com,(190)405-8126
160,Justin,Martinez,Brown PLC,osborngeorge@hines.net,638-713-6842
161,Andrew,Murillo,Mcdonald-Black,michaelmartinez@hotmail.com,030-522-4650x956
162,Jillian,Pugh,Lang and Sons,craig31@gmail.com,+1-401-060-3026x34171
163,Mary,Jones,Williams Inc,prich@schroeder-coleman.net,978.934.7277x796
164,Jeremy,Lee,"Myers, Watson and Mack",amber92@yahoo.com,817-161-5400x792
165,Michael,Duncan,"Davis, Harris and Ross",mary95@gmail.com,(948)430-9501x147
166,Elizabeth,Moody,"Andersen, Moore and Middleton",rebekah73@hotmail.com,001-879-587-3899x140
167,Hunter,Pacheco,"Griffin, Edwards and Kim",vsmith@doyle.net,361.629.8607
168,Colton,Russell,"Stewart, Long and Caldwell",mason83@gmail.com,+1-051-405-9562x19641
169,Rebecca,West,Smith Group,rogersdustin@wells-wallace.net,103.187.0110
170,Anthony,Rodriguez,Short-Watkins,tdouglas@kelly.info,935.975.1200x9182
171,Kimberly,Jones,"Armstrong, Davis and Clark",aallen@noble-charles.com,730.126.4758x5665
172,Kimberly,Green,Gibson PLC,lewisjessica@gmail.com,(219)653-1400x140
173,Tony,Martinez,"Rodriguez, Miller and Gillespie",krosales@shepherd-arroyo.net,901.545.6099
174,Jason,Pierce,"Mills, Boone and Allen",melinda08@fritz-smith.biz,3024593255
175,Mia,Simmons,Mcgee PLC,fpope@fuller-barr.org,+1-126-520-1229
176,Sandra,Jarvis,Rodriguez-Delgado,astone@gmail.com,(438)474-7957
177,Elizabeth,Sanchez,"Lutz, Hahn and Harvey",ssellers@kirk.com,894.694.6264x07145
178,Brian,Thomas,"Aguirre, Ruiz and Contreras",garzaedward@hotmail.com,154.188.0423
179,Candace,Wood,Wilkinson Ltd,umiller@maxwell.org,001-030-974-3567x313
180,Robert,Ponce,Steele Group,barneslaura@hotmail.com,5568013705
181,Danielle,Medina,Duarte Group,jessica51@buckley.com,299-991-8401x64199
182,Matthew,Jones,"Castro, Davis and Sanchez",fowlertodd@andrews.biz,001-796-359-6148x72669
183,Natalie,Rodriguez,Holland-Kelly,webbjackie@mathews.com,336.399.2285
184,Jennifer,Long,"Roberts, Powell and Jackson",imartin@hotmail.com,+1-842-676-7244
185,Matthew,Ford,"Johnson, Young and Leonard",jonessally@gmail.com,601.519.3925x34132
186,Travis,Martin,Park-Thomas,thomas91@yahoo.com,(427)045-5581x726
187,Gina,Stewart,"Evans, Lopez and Cummings",buckamy@hotmail.com,(837)159-9313x899
188,Donna,Brown,Sullivan-Wilkinson,michael65@stanton-moore.com,001-025-354-0642x64568
189,Lydia,Wilson,Burke-Campbell,xkim@gmail.com,(772)221-8425x9759
190,Ashley,Day,"Koch, Nelson and Jacobson",matthew42@yahoo.com,076-033-6527
191,Andrew,Castillo,Casey-Garcia,crystallevy@smith.org,001-566-902-1220x0479
192,Whitney,Lee,Fields-Oneill,joseph59@gmail.com,612.213.6824x420
193,Alicia,White,Hughes-Meyer,kimberly11@hotmail.com,153.733.3132
194,Clayton,Walters,Andrews and Sons,bruce69@murray.biz,001-390-144-5497x89155
195,Thomas,Francis,Neal Inc,jamesmclaughlin@anderson.com,825-767-6859
196,Tamara,Bryant,Franco Inc,danielgriffith@smith-mcintyre.com,(292)008-0049x96249
197,Stephanie,Thompson,Miller-Cooper,pricesteven@gmail.com,545-712-0574
198,Sabrina,Hamilton,"Krause, Mcbride and Small",robertmurray@gmail.com,(377)964-4473
199,Cheryl,Ibarra,"Bradley, Archer and Santos",rrosales@webster.com,652-857-5625x49121
200,Luis,Garcia,Turner-Austin,stacygreen@mckay.biz,001-168-227-6361
201,Shawn,Serrano,"Braun, Fletcher and Bryant",jerry04@french.com,001-240-940-4083x3331
202,Michael,Foster,Brown-Middleton,stonekeith@preston.info,(116)445-0780x298
203,Regina,Myers,Daugherty-Cole,aaronking@vang.com,001-380-870-4067x3734
204,Robert,Mathews,"Kelly, Hatfield and Meyer",wday@reed-cross.biz,(775)806-0412x7012
205,Aimee,Clark,Morales-Pratt,clarkmatthew@yahoo.com,+1-030-238-0604x927
206,Jenny,Murray,Brown-Herrera,rsampson@chambers.com,8800387972
207,Gregory,James,"Williamson, Wilcox and Lewis",dennisvillegas@ramirez.biz,968.567.3662
208,Julie,Martin,"Barton, Wright and Chambers",snyderdiana@allen.org,157-505-0729
209,Crystal,Campos,Williams Ltd,vbarton@gmail.com,872.268.8143x844
210,Renee,Clark,"Cole, Wilson and Glenn",coleanthony@yahoo.com,+1-143-492-1352x071
211,Lance,Phillips,"Jones, Rodriguez and Johnson",smithmonica@hotmail.com,(474)359-0624
212,Pamela,Scott,Schneider LLC,erik58@mccoy.com,916.676.3181x649
213,David,Combs,"Russell, Torres and Smith",welchscott@hotmail.com,(272)848-8255
214,Sarah,Nelson,"Fisher, Andrews and Holt",andrew59@martinez-thomas.info,(470)007-5122x85695
215,Jenna,Collins,Hughes Ltd,michael15@hamilton.biz,001-902-351-1627
216,Diana,Mclaughlin,Robbins-Guzman,qphillips@yahoo.com,001-361-378-7610x157
217,Megan,Guzman,Williams and Sons,melissagallegos@gmail.com,141-160-9895x72593
218,Miguel,Cisneros,Lewis-Schmidt,costafrank@gmail.com,(024)213-7777
219,Denise,Matthews,"Wolfe, Blair and Ortega",dustinperez@cole-fitzgerald.com,(751)519-5858x936
220,Mark,Dillon,Ward-Chapman,alexandra98@yahoo.com,001-063-028-9781x2748
221,Brian,Webb,Perez-Collins,james62@yahoo.com,772-612-1699x5211
222,Margaret,Smith,Mccormick-Crosby,xtorres@hotmail.com,475.961.7795
223,Natasha,Farley,"Lang, Mejia and Wilson",tiffanyromero@yahoo.com,874-729-3619x56664
224,Allison,Brown,Davis and Sons,vwilson@gmail.com,(751)415-1006
225,Randall,Freeman,Davidson-Leon,benjaminsteele@adams-mccoy.com,+1-609-862-8530x72465
226,Brandy,Valencia,Pittman LLC,mcole@hotmail.com,001-346-488-3678x71629
227,Samantha,Gilbert,Phillips-Patterson,kristina58@gmail.com,821-555-4257x320
228,Javier,Fitzpatrick,Banks-Proctor,hollybarber@hotmail.com,627-346-8294x80024
229,Laura,Rodriguez,Brady-Hayes,kelseywang@gmail.com,214.821.2556x76824
230,Lauren,Chavez,"Brown, Shaw and Rodriguez",simpsonjohn@benson-saunders.com,001-971-744-1847x7265
231,Melanie,House,"Jordan, Washington and Nguyen",carlosmoody@gmail.com,(714)656-1530x5388
232,Raymond,Knox,Williams and Sons,jennifer19@king.org,+1-354-914-4546
233,Erika,Snyder,Moon-Miller,stevensmaria@yahoo.com,243.750.1216x6880
234,Brooke,Garcia,Sandoval-King,brittanycox@anderson-vargas.com,(241)293-8045
235,Hayley,Wagner,Johnson Inc,david05@yahoo.com,568-801-9520x40014
236,Kimberly,Roth,"Robertson, Estes and Wright",richardlopez@armstrong.com,(280)704-6770x2953
237,John,Harrison,Mitchell-Galloway,mallorycrawford@yahoo.com,(512)906-3987x1385
238,Lauren,Fox,Roberts and Sons,brandongibson@morgan-campbell.com,(126)579-0188x5511
239,Richard,Page,"Thompson, Chan and Wolfe",sharris@campbell-rowe.com,+1-975-899-5221x48792
240,Nathan,Gallegos,Bowers-Watkins,awhitney@yahoo.com,650.096.6406x53263
241,Robert,Combs,Banks Group,dustinwolf@gmail.com,601-582-6624x13486
242,Justin,Kaiser,Garcia-Lee,jorge43@cole.org,094.235.1579
243,Mark,Richards,Fischer-Armstrong,melissa34@hotmail.com,269-644-0094
244,Matthew,Davis,"Lee, Nelson and Garza",carrie11@gomez.com,966-503-7374
245,Danielle,Sharp,Phillips-Stanley,diazvincent@villegas.com,001-817-840-3557x27412
246,Carlos,Zavala,Bowen-Morris,murphykyle@davis-peters.com,018.042.4313
247,Charles,Crawford,Wilson-Davis,crodriguez@yahoo.com,+1-222-998-5614
248,John,Smith,Tran PLC,edwardschwartz@cabrera.biz,433.692.2704
249,Rebecca,David,"Krause, Wallace and Fields",andrea57@carrillo-harris.com,309-162-3997x17526
250,Brandon,Neal,"Green, Soto and Wilson",samanthamorrison@alvarez-thompson.com,001-050-555-3231x113
251,Randall,Hernandez,Holmes PLC,christopher25@dennis.com,217-600-6159x2163
252,Marissa,Monroe,Smith-Anderson,chad90@hotmail.com,515-799-7158
253,Kathy,Rodriguez,Wilson-Velazquez,robertcowan@hotmail.com,001-191-640-7007x4807
254,Mary,Cook,"Garcia, Adams and Reynolds",sarah43@atkins.net,435.011.7514
255,Lynn,Burton,Oconnell Group,amyali@yahoo.com,565-353-2262x7927
256,Mary,Harris,"Blake, Smith and Jones",pfranklin@freeman.com,+1-988-581-9641x61176
257,Melissa,Ballard,Sheppard PLC,riosjeremy@hotmail.com,891-788-5598
258,Phillip,Moore,Smith-Williams,gabrielmosley@mcneil.org,(343)414-3374
259,Rebekah,Barnett,Fernandez Group,acostatyler@lindsey.com,173-756-1152x60862
260,Zachary,Diaz,Morris-Parks,nicole29@coleman.net,001-008-055-3347x5531
261,Mark,Murray,"Martinez, Graves and Lang",franciscohammond@gmail.com,8729822020
262,Stephanie,Hill,Ramirez PLC,burgesscathy@stewart.info,431.504.3745x89350
263,Marie,Martinez,Welch Group,jonathan66@gmail.com,+1-152-143-8712
264,Victoria,Ryan,Hayes PLC,robin42@yahoo.com,397-489-4886x8337
265,Brian,Sanchez,"Meyer, Ruiz and Wood",james70@schmidt.info,(511)514-0967
266,Alison,Armstrong,Freeman-Foster,flemingmatthew@yahoo.com,001-532-048-2662x20905
267,Edward,Casey,"Burnett, Arnold and Wilson",kenneth34@hunt.biz,(884)269-5340
268,Rebecca,Adams,Cervantes Group,haley05@roberts-anderson.com,+1-050-536-0035
269,Joseph,White,Bruce and Sons,rachel72@garcia.com,(280)485-7583x94469
270,Jessica,Wilson,"Cooke, Jones and Cole",kimberly36@yahoo.com,894.379.3387x3894
271,Sandra,Richardson,Schultz-Green,michaelmorales@hotmail.com,263-178-2292x556
272,Monique,Carter,Thompson and Sons,bradfordalyssa@hotmail.com,001-104-284-7424x2715
273,Kimberly,Roy,Levine PLC,afoster@james.biz,619.550.1629x39091
274,Christine,Weeks,"Williams, Lambert and Hoover",melissamay@hotmail.com,+1-480-034-3348x958
275,Stephanie,Hernandez,Rogers Inc,josephevans@hotmail.com,(124)728-9275
276,Alexandra,Nichols,"Calderon, Sanchez and Hampton",juangreen@reed-bartlett.com,958.743.7720x2288
277,Travis,Williams,"Obrien, Wright and Brooks",aaronmiller@gmail.com,+1-569-265-3901x5943
278,Laura,Merritt,"Bright, Woods and Smith",williamsalyssa@yahoo.com,001-013-310-7608x5576
279,Luis,Collier,Pham-Fitzpatrick,gerald79@clark-andrews.info,+1-076-305-7302x5320
280,Christopher,Bruce,Flores-Miller,patelapril@allison.com,244.681.0424x8835
281,Brian,Ramirez,Martin-Townsend,gary15@reyes.info,001-937-938-5562
282,David,Doyle,"Wood, Parker and Reyes",kjones@yahoo.com,(969)254-0245x27837
283,Jennifer,Williams,"Lawrence, Martinez and May",lauracook@hotmail.com,683.440.6956
284,Autumn,Guzman,Garrett-Stevens,jramsey@gmail.com,917.303.3652
285,Daniel,Davis,Snyder-Schneider,danielsmichael@garcia.org,+1-920-118-9181x6442
286,Rebecca,Smith,"Hawkins, Anthony and Hernandez",briggsshawn@hotmail.com,016-521-4543
287,Meagan,Smith,Grant and Sons,derekbright@yahoo.com,001-609-177-4930x560
288,Richard,Ryan,"Thornton, Vazquez and Park",rhahn@yahoo.com,651-439-6987x0626
289,Paula,Mclean,Morgan-Thomas,hamiltonheather@yahoo.com,+1-428-868-2361
290,Eric,Smith,Henry Inc,billymorales@hotmail.com,001-875-023-5184
291,Nicole,Brady,Mckinney-Franklin,william31@stephens.com,132.288.2048
292,Jenna,Carney,Turner-Jones,allenvirginia@olson-arnold.com,001-616-951-1981x632
293,Michael,Jackson,Harris-Hamilton,mark72@yahoo.com,896.500.8963x1842
294,Christopher,Castillo,Burton and Sons,smithjeffrey@gmail.com,001-635-015-5612x32866
295,Michael,Donaldson,Lynch Inc,tbaker@schneider.net,001-510-639-3488x370
296,Michael,Oconnell,Miller-Allen,phamtiffany@yahoo.com,891.447.0995x401
297,Walter,Johnson,Clark-Thompson,abigail45@hotmail.com,529-256-9390
298,Courtney,Valentine,Davis-Rosales,shawngonzalez@gmail.com,+1-138-892-3492x4414
299,Allison,Hernandez,Lewis LLC,oconnorjorge@hayes-taylor.com,500.612.0113
300,Karen,Mason,Heath-Smith,erinbarnett@thompson.org,851-875-2234
301,Kevin,Young,"Martin, Navarro and Jones",wrightcraig@gmail.com,001-889-660-7300x991
302,Vicki,Lozano,"Richardson, Johnson and Jones",longjustin@gmail.com,(180)597-4642x2244
303,Daniel,Barnes,Turner PLC,amberwillis@yahoo.com,+1-459-553-5808
304,Kristen,Morris,West-Brown,kevinstone@gmail.com,6937376789
305,Alexis,Burns,Burns-Yang,hollymeyer@bailey-bell.com,(816)842-2398
306,Julie,Smith,"Hughes, Rhodes and Smith",kpham@yahoo.com,525-282-3956
307,Shari,Bishop,"Harris, Richards and Ferguson",andersonshawn@ellis.com,(054)482-0936
308,April,Hendrix,"Wheeler, Rice and Lang",todd27@hotmail.com,387-126-6587
309,Samantha,Lutz,Cunningham-Williams,nathanwalker@lambert.com,252.785.7121
310,Edward,Bruce,Smith Ltd,xleonard@yahoo.com,+1-467-323-5573x34197
311,James,Huff,Ruiz Inc,alvaradojose@gmail.com,001-987-693-7539
312,Margaret,Rivera,Guzman-Cross,froman@yahoo.com,419-114-7670
313,Sara,Garcia,"Ward, Jenkins and Williams",doylekaitlyn@yahoo.com,(078)636-8169x78922
314,Thomas,Anderson,Johnson PLC,sarah97@pittman.biz,001-042-559-0230
315,Hannah,Butler,"Dominguez, Castillo and Mcbride",rbrown@hansen-martinez.com,001-597-983-0615x78702
316,Stephen,Todd,Shaw Group,martinezashley@gmail.com,491.818.7740x69361
317,Tammy,Jackson,Lin Inc,terryelizabeth@yahoo.com,(247)677-0051x6460
318,Austin,Jones,"Woods, Parsons and Wilson",leemichael@ayala.com,3149986544
319,William,Proctor,"Collier, Fernandez and Hunt",tinaaguirre@michael.com,+1-566-846-1611x5604
320,Ashley,Sosa,"Yu, Jones and Silva",nancymoore@gmail.com,542.779.2429
321,Aaron,Miller,Wood-Elliott,jodipoole@jones.com,(489)820-8342x238
322,Elizabeth,Brown,"Rodriguez, Lucas and Garcia",haneymary@evans.biz,976-362-6494
323,Paul,Johnson,Shepherd Inc,shelia31@torres-massey.biz,001-275-588-4350x8872
324,Carolyn,Bond,Burke PLC,barbara42@gmail.com,+1-582-165-2005
325,John,Bennett,Barnes and Sons,timothy95@gmail.com,(911)086-9767x921
326,Charles,Stevenson,Pineda-Pineda,jeffgray@key-wilson.biz,+1-786-551-7188
327,Jonathan,Daugherty,"Baker, Johnson and Woodward",richard18@klein.com,314-224-5950
328,Thomas,Griffin,Williams Ltd,jessicajacobson@robbins.com,286-194-2110
329,Michelle,Adkins,Lambert Ltd,webbmichael@yahoo.com,+1-016-786-1195
330,Albert,Mathews,Gonzalez PLC,taylor22@yahoo.com,(892)506-4174x5896
331,Catherine,Griffin,Hughes-Davis,emilyscott@smith.org,(516)123-7495
332,Shannon,Campbell,"Martinez, Roman and Kim",shannonzavala@anderson-valentine.com,063.186.8723
333,Sara,Hanna,Cole-Hall,william44@young.com,235-990-0975x301
334,William,Phillips,Garcia Inc,jessica40@escobar-howell.info,(010)648-0269x408
335,Jennifer,Richard,"King, Patterson and Jackson",dannyward@gmail.com,(318)834-7767
336,Tiffany,Vargas,"Horne, Martinez and Brown",grace27@bennett.com,+1-484-983-4872x1230
337,Sarah,Hayes,Jenkins and Sons,josephyoung@hotmail.com,211.296.6953x3575
338,Philip,Ritter,Hobbs PLC,uroberts@lynch-russell.org,(758)055-9277x93118
339,Dana,Stanley,"Campbell, Smith and Wright",amy63@gmail.com,001-617-060-2569x58029
340,Melissa,Peterson,Rollins-Walker,todd65@gmail.com,+1-266-897-4916x792
341,Brandon,Cook,Tran Ltd,cunninghamjonathon@yahoo.com,001-033-897-9928x506
342,Robin,Armstrong,Mendez-Rodriguez,jeanette84@mckenzie-reyes.net,+1-100-211-4624x518
343,Steve,White,Bruce Group,pricemichael@pratt-perez.com,(726)467-0334x674
344,Doris,Myers,Campbell-Carney,pamelawilkinson@gmail.com,584-578-4688
345,Julie,George,"Yang, Campbell and Lang",youngchristopher@brown.info,237-707-4112
346,Amy,Meyers,Vaughn-Blake,lauriepayne@hotmail.com,001-903-897-3487x1720
347,Laura,Savage,"Green, Marks and Patton",leah52@baldwin-miller.com,(035)814-2233x53195
348,Robert,Wells,Wilson Group,floresstephen@hotmail.com,082-307-1440x89619
349,Haley,Lynn,"Myers, Richard and Clark",amyallen@gmail.com,091-968-3466x8586
350,Jason,Allen,"Walker, Boyd and Howell",taylor97@yahoo.com,862-600-0115
351,Ashley,Barnes,Juarez LLC,zroach@whitney-brown.com,896.383.3372
352,Ralph,Payne,Leonard Inc,wongjames@yahoo.com,883-178-7404x46383
353,Joshua,Kelley,Hatfield PLC,stevenwright@hotmail.com,077.085.1734
354,Jose,Deleon,Hahn LLC,micheledavis@santos.com,(220)915-6122x6200
355,Mark,Ashley,"Pierce, Washington and Bennett",frichards@reynolds.com,1025096478
356,Robert,Kane,"Price, Rodriguez and Watts",josephbarajas@best.com,+1-382-311-9030
357,Miranda,Davis,Young-Thompson,jacksonmarcus@gmail.com,257-147-6563x903
358,Sarah,Salas,Johnson Inc,mwilliams@kim.org,001-687-646-1184x84862
359,Ariel,Nixon,"Clark, Snow and Herrera",michaelross@gmail.com,(468)171-4743x5597
360,Adam,Owens,Herrera-Wilson,nharris@lopez.com,001-171-272-7808x0135
361,Jon,Ortiz,"Greene, Stone and Day",ronaldwu@kent.net,164-706-7850x360
362,Michael,Hernandez,Smith LLC,kellymark@casey-ferguson.com,001-182-441-6377
363,Cassandra,Ward,"Gonzalez, Gates and Walker",hannahmay@yahoo.com,(435)787-1710
364,Becky,Wyatt,White Inc,burnettangela@hotmail.com,582-754-2914
365,Walter,Cochran,"Cannon, Matthews and Martin",kimberlylevine@tate.net,682-626-7524
366,Michael,Ortiz,Glover LLC,kimberly41@gmail.com,001-801-493-3902x318
367,Alyssa,Scott,Cohen Group,grahamjames@edwards-phillips.com,+1-223-602-4296x836
368,Sherry,Lee,"Robinson, Chen and Moreno",chavezray@carr.com,+1-982-005-7740x3038
369,Steven,Garrett,Robinson Inc,jennifer43@yahoo.com,(900)733-0665x341
370,George,Henry,Chandler Ltd,jefferyhess@gordon-long.net,001-409-150-9978
371,Alex,Allen,Booth Group,meltonsamantha@hotmail.com,9521458261
372,Makayla,George,Sanchez-Thompson,pruittmegan@yahoo.com,(864)935-8128x006
373,Jeffrey,Salinas,Saunders-Hanson,pearsonkelsey@gmail.com,+1-425-388-1279
374,Philip,Cain,"Henderson, Gonzalez and Silva",vasquezleslie@yahoo.com,860-949-2874x109
375,Michael,Stewart,Carrillo-Mccoy,debbie15@yahoo.com,001-389-185-9230x4808
376,Andrew,Walsh,Roberts-Snyder,smartin@price-alvarez.com,001-182-244-0953
377,Tricia,Fleming,Turner-Reyes,brownchristopher@hotmail.com,001-474-721-0196x274
378,Mary,Leonard,Reynolds PLC,bshaw@boone.com,737.276.2359x25248
379,James,Diaz,Parker-Ruiz,yelliott@gmail.com,(135)981-9211x23170
380,Douglas,Thomas,"Johnson, Austin and Carpenter",ninaconrad@rocha.info,2779956123
381,Anthony,Brown,Long-Gonzalez,jonessheila@meyer.com,0726082829
382,Amanda,Cooper,"Robinson, Rivera and Shannon",hillsusan@hotmail.com,001-407-893-8959
383,Cassandra,Holmes,Christian and Sons,padillabrittany@yahoo.com,1846260096
384,Angela,Collins,Rhodes and Sons,gjohnson@hotmail.com,(216)507-7480
385,Melissa,Mcneil,"Rivera, Erickson and Mays",ujones@lara.com,001-421-853-0086x2012
386,Ethan,Hester,Munoz Inc,lanedenise@gmail.com,001-267-911-7197x10984
387,Grace,Johnson,James-Powell,hensoncarlos@yahoo.com,517-080-0660x3400
388,Ethan,Cole,Green-Wood,holtrobert@gmail.com,468-151-0938
389,Greg,Smith,Garcia and Sons,johnmcfarland@brooks.com,(600)284-6698x95419
390,Robin,Choi,Maldonado-Hancock,brookscarl@hotmail.com,254.945.4269x461
391,Joe,Garcia,Douglas and Sons,greg87@aguilar.com,001-911-508-0716x628
392,Antonio,Watts,"Morrison, Foley and Padilla",jodypowell@yahoo.com,424.770.4435x7077
393,Catherine,Perkins,Hoffman Inc,cardenaslaura@martin-francis.net,480.181.8516
394,Jeffrey,Lynn,"Cook, Lozano and Lewis",gcrawford@wallace.net,274-713-4576x5787
395,Andre,Chandler,Reed-Brown,pmartinez@rosario.info,073-377-6350
396,Scott,Evans,Gilbert LLC,ucarrillo@harris-williams.biz,2039356227
397,Elizabeth,Hunt,Smith LLC,showard@wilson.info,158.682.0435
398,Peggy,Haynes,Wilson Inc,joshua95@gilmore-cook.com,(628)220-8130
399,Victor,Lee,Humphrey PLC,darrellcain@hotmail.com,956.522.1344
400,Catherine,Phelps,Diaz and Sons,timothy20@hotmail.com,001-016-807-3555x7335
401,Kara,Barrett,Jones Group,uroberts@yahoo.com,0121574707
402,Sonya,Stewart,"Patel, Smith and Bright",penningtonbrian@yahoo.com,5274542754
403,Carlos,Crawford,"Turner, Guzman and Whitney",jonespaul@morales.biz,539.833.6599x952
404,Laura,Potts,Taylor Inc,mariehardy@jones-murphy.info,+1-497-455-2114x02537
405,Pamela,Perkins,"Burns, Randolph and Reynolds",colemanvanessa@gmail.com,+1-578-143-6066x757
406,Lauren,Jenkins,Johnson PLC,qpatterson@hotmail.com,034.400.5395
407,Brian,Silva,"Williams, Li and Porter",chapmandaniel@hotmail.com,485-525-6181x1055
408,Karen,Wallace,Davidson PLC,anthonycallahan@reed-brown.info,444-974-4702
409,Justin,Hodges,Douglas and Sons,alan90@gmail.com,618.781.8576x5962
410,Monica,Wilkinson,Williams Inc,bridget56@tucker.com,001-885-464-3914x4855
411,Dawn,Jones,Tucker-Benson,aaronsmith@yahoo.com,001-259-834-4306x4429
412,Michael,Green,"Garcia, Hughes and Garza",davidjones@johnson.info,+1-722-452-6286x29453
413,Patricia,Lopez,"Cole, Campbell and Harper",karenbooker@davis-berry.com,+1-872-359-3573
414,Jean,Walker,Myers-Guerrero,amorgan@hotmail.com,081-731-8434x6031
415,Justin,Martinez,Johnson Group,cory22@yahoo.com,001-163-728-8554x4824
416,Monica,Compton,"Garcia, Clark and Cannon",acook@valencia.info,(730)112-6845
417,Daniel,Beasley,Mathews LLC,moorejennifer@walsh.biz,1336316817
418,Rita,Evans,"Rivera, Knight and Cox",chavezchristopher@yahoo.com,(772)296-6168
419,Charles,Fry,"Wilson, Reid and Greene",iwest@yahoo.com,001-651-479-1259
420,Grace,Macdonald,Garcia and Sons,valentinecindy@ray.com,1539156386
421,Timothy,Good,Martinez Group,owensmakayla@gmail.com,883-750-5300
422,Shannon,Walton,"Alvarado, Sutton and Gray",brownmichael@gmail.com,+1-506-856-3835x2159
423,Karen,Wagner,Jackson PLC,johnnymiller@jones-crawford.com,(798)232-4544x916
424,John,Wade,Bradley-Rivas,dixonmark@downs-lucas.com,+1-418-657-7553x12912
425,Brandon,May,"Obrien, Fields and Smith",parkkendra@young.com,(221)725-8569
426,Todd,Garcia,Henderson-Jensen,dayjoshua@yahoo.com,(030)997-5538
427,Teresa,Smith,"Gray, Thompson and Shea",dsmith@hotmail.com,(489)720-1012
428,Angelica,Clark,Mitchell-Parker,mcdonaldjames@brown.com,6474353701
429,Kimberly,Vaughn,Williams-Mendoza,nicholas92@browning.com,+1-224-534-6899x545
430,Kelly,Johnson,"Ryan, Wilson and Trevino",tami29@frazier-martin.com,001-237-843-8168x668
431,Carrie,Chung,Turner Group,pkirk@gmail.com,+1-763-214-0810x3453
432,Darrell,Cox,"Strickland, Schaefer and Tyler",torresjennifer@gmail.com,145.902.7313x29265
433,Clinton,Young,Johnson Group,ntaylor@bryant.org,(543)203-2336x3973
434,Ronald,Douglas,French-Ward,otodd@rodriguez.org,+1-635-033-6663x93660
435,James,Anderson,"Figueroa, Gould and Ellis",christopher67@yahoo.com,304.062.1388x454
436,Jesse,Davis,"Perez, Gonzales and Baker",shannonbrown@graves.net,+1-624-474-1855x99905
437,Laura,Rivera,Cooke-Thomas,qknight@gonzales-butler.com,+1-456-936-0466x414
438,Kelsey,Rodriguez,Hanson Ltd,tiffanygarza@lopez.net,236-016-9830x2252
439,Ross,Hernandez,"Juarez, Potter and Torres",tinacarter@hill.biz,+1-586-480-7771x80796
440,Mark,Obrien,Goodman-Harvey,jasonsnyder@hotmail.com,+1-597-901-7327x335
441,Samuel,Wilson,Brady-Simmons,melanielee@hotmail.com,233.812.9301x5374
442,Bryce,Owens,Tucker-Lamb,caseygraves@beck.biz,651.720.0820
443,Kelly,Andersen,Sharp-Brooks,camerongill@cameron.org,001-591-805-4054x636
444,Paula,Thompson,Bray-Baker,hoffmandaniel@hunt.org,790-623-8149x01572
445,Douglas,Burns,Adams-Gonzales,smithkenneth@weeks.com,(265)135-7033x04197
446,Thomas,Martinez,"Prince, Munoz and Thomas",jeffreyroach@hotmail.com,(572)032-0583
447,Joshua,Ward,Mcdowell Ltd,sethmason@morris.biz,5836798675
448,Jessica,Pearson,Hunter Group,sandra82@allison.com,+1-342-612-7591x79330
449,Cody,Smith,Gardner and Sons,kevin94@yahoo.com,926-985-4813x917
450,Edwin,Singleton,Booth-Wilson,favila@gmail.com,001-994-546-0608x22346
451,Lindsay,Roman,Thompson-Abbott,gavinlee@yahoo.com,(707)844-9751
452,Joseph,Santiago,Gonzales PLC,james44@patterson.biz,001-887-634-6652x990
453,Brenda,Massey,Davidson Inc,tina44@reyes-malone.info,001-312-937-7997x5334
454,Michael,Galvan,"Ochoa, Watson and Copeland",gfuller@schroeder.net,725-850-6225x87982
455,Bailey,Cook,"Wilson, Wang and Johnson",tvilla@long.org,001-026-230-1746x23365
456,Benjamin,Thompson,"Roberts, Martin and Shah",shawn13@ford-ortega.com,+1-212-361-9372x8273
457,Brian,Barnett,Brown-Clark,andreawalker@gmail.com,9658675810
458,Lisa,George,"Brown, Wilson and Richard",gchristensen@frazier.info,351.599.9058x405
459,Patricia,Villanueva,Silva Group,benjaminmejia@jones.org,001-470-281-1196
460,Jared,Allen,Cox-Fritz,anthony50@gmail.com,001-457-847-0472x347
461,Richard,Smith,Rodriguez-White,sarahcook@hotmail.com,242-599-4962x120
462,Tricia,Howard,Valencia-Floyd,jamessims@yahoo.com,(706)804-3127x61825
463,Veronica,Montgomery,White Inc,mgraham@gmail.com,001-247-795-1495
464,Ricky,Pierce,"Potter, Patel and Gonzales",jeffreyjohnson@gmail.com,032.709.1232x87086
465,Crystal,Torres,Moran-Cox,johnsonlaura@gmail.com,(545)205-1516x4102
466,Dustin,Gomez,Mendoza Inc,buchanancheyenne@yahoo.com,(017)272-8409x231
467,Sara,Moore,Schultz Ltd,lisaspencer@johnson.com,643.355.6644
468,Brian,Wilson,"Andersen, Barnes and Wilson",jhernandez@williams.info,+1-212-198-0998
469,James,Moore,"Carroll, Jones and Reyes",kaylahamilton@yahoo.com,111.043.3368x2217
470,Jerry,Briggs,Martinez-Frank,kirsten10@jensen.com,717.555.3511x2374
471,Terrence,Delacruz,"Rodriguez, Cook and Ford",bmitchell@morris.biz,(873)455-9757x38595
472,Abigail,Esparza,"Castillo, Fitzgerald and Rangel",davidpeterson@watson-ward.info,181-299-0239x2464
473,Morgan,Schneider,Chang-Everett,sgordon@simmons-garcia.net,692-472-1459
474,Kristina,Reeves,Branch Ltd,alexanderperez@gomez.com,(484)739-0307x211
475,Michelle,Lynch,Hamilton PLC,smithtina@rivera.com,1321715569
476,Sheila,Spencer,Fritz Ltd,gregory40@hopkins.com,(245)375-5949x568
477,Angela,Norris,Anderson-Jenkins,ashleyfoster@richmond-vasquez.com,(522)352-8362
478,Karen,Miller,Williams-Mosley,tammywilliams@arnold-burns.com,(307)328-0993x29061
479,Thomas,Porter,Price-Wilkerson,tylermcclain@gmail.com,001-804-786-0491x98670
480,Holly,Barajas,"Payne, Price and Mayo",cory06@hotmail.com,811.606.2725
481,Karen,Carey,Brown PLC,carolyn05@gmail.com,+1-162-093-4423x02491
482,Connor,Cabrera,Ramirez-Murphy,palmercharles@hotmail.com,608.041.0567
483,Clinton,White,Stafford-Snow,fgonzalez@yahoo.com,7028216398
484,Vanessa,Wood,"Jacobs, Nguyen and Mcguire",tuckercharles@yahoo.com,600.471.8140x5195
485,Courtney,Davis,"Johnson, Benson and Colon",jamesgriffin@gmail.com,001-512-856-4772
486,Laura,Perez,"Smith, Gray and Stevens",lorihoffman@yahoo.com,001-914-137-9005x88373
487,Kathleen,Robles,Riley-Hughes,spencerchristina@fields.com,2059127655
488,Elizabeth,Douglas,"Mack, Cooper and Steele",james19@welch.org,742-583-8170
489,Rebecca,Willis,"Ferguson, Lucero and Hodge",timothy98@elliott-galvan.com,705.917.0528x472
490,David,James,Ramirez Group,chall@yahoo.com,500.080.8032
491,Edward,Carlson,Esparza and Sons,gomezstephanie@hotmail.com,154-897-5754x16214
492,Kelly,Ruiz,Snyder Group,jeffrey71@gmail.com,602.390.0833
493,Debbie,Delgado,Lara-Galloway,qthompson@hotmail.com,(689)798-7343x1927
494,Matthew,Jenkins,"Burke, Gilbert and Lopez",monroejoshua@hotmail.com,001-725-495-5947
495,Bob,Peters,Davis-Henderson,dorseyantonio@hotmail.com,(756)504-6000
496,Jeremy,Yu,Morton-Austin,ubarber@hotmail.com,+1-395-456-6757x24661
497,Ashley,Hill,"Herrera, Lewis and Johnson",jrobinson@gmail.com,690.483.3740x38867
498,Michelle,King,"Johnson, Adams and Swanson",trevor72@roberson-nelson.org,0125985924
499,Tracy,Smith,"Fuentes, Williams and Kramer",thomas45@castro-chan.com,+1-096-422-0599
500,Tiffany,Krueger,Nelson Ltd,zlong@yahoo.com,001-852-833-7822x2597
501,Michelle,Walters,Benson PLC,sedwards@gmail.com,001-060-014-0158x7077
502,Cody,Thompson,"Garcia, Cruz and Marshall",curtismiller@terry-george.net,(758)447-9893
503,Vanessa,Lozano,Snyder and Sons,ashleyvazquez@young.com,001-204-933-5099
504,Randy,Peterson,"Smith, Hebert and Allen",jonathan35@yahoo.com,001-854-846-2256
505,Kristen,Davila,"Edwards, Hayes and Bell",nchristian@smith-navarro.com,001-564-087-4963x9175
506,David,Young,Williams PLC,crawfordchristopher@soto.biz,633.407.0281x058
507,Omar,Conner,Johnson-Ramos,elizabethross@hotmail.com,233-286-3592x36955
508,Linda,Mills,Smith-Ross,antoniothomas@hill.com,+1-046-137-4984x68612
509,David,Reed,Pham-Kim,cgomez@yahoo.com,119-077-7866x19391
510,Suzanne,Gaines,Peterson-Johnson,gonzalezdeborah@yahoo.com,+1-168-245-7504x73169
511,Kayla,Smith,Rowe Inc,gpadilla@gmail.com,661-101-5856x6235
512,Anthony,Campbell,Braun-Bryant,tamara90@stein-mccarthy.com,318.797.3623x22995
513,Christopher,King,Reyes LLC,ericjones@hotmail.com,+1-228-865-0827x8694
514,Nancy,Harris,Bowen Ltd,jordanfrancis@yahoo.com,537-506-3753
515,Todd,Frost,Castro-Rowland,jonesjesse@gmail.com,(912)016-5248
516,Travis,Austin,Ramos Inc,trevorallison@rollins.info,(744)226-3753x7080
517,Laura,Brown,"Blair, Mathis and Curry",michael56@rich.com,339-172-0322
518,Sonya,Wallace,Owens Inc,fsmith@yahoo.com,729-869-9048x8370
519,Nicole,Riley,"Chung, Hall and Ortega",vmills@yahoo.com,414.941.8977x885
520,Michael,Williams,Walters-Hogan,shannon09@yahoo.com,610.090.4927
521,Andrew,Vasquez,"Sanders, Moore and Sullivan",crystallane@hotmail.com,001-302-250-3167x82622
522,Timothy,Nelson,Williams-Lin,westmary@smith.net,(562)440-2764x6796
523,Mark,Moreno,Bailey-Lopez,angela78@wallace-lyons.biz,001-096-335-1778x482
524,Jack,Hicks,"Walker, Andrade and Smith",melissalarson@gmail.com,+1-100-789-2516x2365
525,Michael,Gomez,Scott Ltd,hbailey@miller.com,+1-760-054-4231x00606
526,Theresa,Bass,Krueger-Brown,mcclurelisa@hotmail.com,782-449-5917x741
527,Paul,Joseph,"Murphy, Cole and Hobbs",jameswilson@mills-morales.info,375.392.2070x1536
528,Sarah,Carr,Warner-Bridges,ehahn@rivera.com,+1-283-957-8096
529,Christian,Poole,"Moore, Lawson and Ramirez",belljessica@wilson.com,+1-416-919-6156x226
530,Jason,Riley,White and Sons,melissa73@rodriguez.biz,125.189.4638x6599
531,Tonya,Jackson,"Mccarty, Velazquez and Morgan",jonesrebecca@howard-russo.info,+1-232-314-9967x042
532,Ashley,Brown,Knight LLC,robertvalentine@mcpherson.com,6524941295
533,Alicia,Harris,Hawkins Ltd,palmerjohn@hahn.org,001-350-733-2137x3161
534,Timothy,Patel,Friedman Group,cnelson@mercado-macdonald.com,001-206-358-9051x4003
535,Rodney,Schroeder,Garcia Inc,mcclainwesley@trevino-jenkins.com,(557)639-3946
536,Meagan,Finley,Jordan-Cooper,wcross@yahoo.com,8730186679
537,Dalton,Klein,"Fox, Allen and Evans",joshua19@coleman.info,519-286-3522
538,Christopher,Ferguson,Watson-Palmer,matthew08@buchanan.biz,5586355271
539,Aaron,Shepard,Steele PLC,susanmoore@blackwell.org,+1-180-383-4137
540,Charles,Rivera,"Munoz, Burns and Williams",mrush@salinas.com,681-854-4231
541,Deborah,Wells,Holland PLC,taylordavid@yahoo.com,754-283-6718x68796
542,Mary,Chavez,"Leonard, Brown and Cunningham",jonesgina@weber.info,(085)761-7498x1519
543,Lindsay,Atkinson,"Martin, Esparza and Gonzalez",justin88@gmail.com,886.634.3646x764
544,Alison,Cook,Medina-Roy,dmckinney@petty.com,867.645.9474x439
545,Claudia,Henson,"Brown, Harrington and Clark",jennajohnston@stevens-wallace.com,912.149.5652x965
546,Justin,Johnson,Hernandez PLC,donald17@yahoo.com,905-685-7555x5304
547,Gregory,Jacobson,Thomas Ltd,eddiecoleman@martinez.org,(629)017-0482x8028
548,Kristina,Valdez,Rodriguez Ltd,matthewaguirre@hotmail.com,+1-176-320-9969x674
549,Amanda,Reeves,"Pruitt, Hamilton and Bell",kevinreynolds@gonzalez.com,254.241.5974x32978
550,Edwin,Hendricks,Morton-Green,vjensen@gmail.com,(825)577-1643x86348
551,David,Brown,"Ellis, Hill and Fernandez",fosterrandy@hotmail.com,473-224-4147x962
552,Connie,Robinson,Collins PLC,nicholas77@hotmail.com,908-581-0848
553,Devin,Meyer,Irwin Group,renee62@yahoo.com,8477743767
554,James,Schneider,Reed-Howell,sylviakim@yahoo.com,489.698.5677x89652
555,Tyler,Farley,Price-Waters,zwhite@gmail.com,937-131-2528x485
556,Bruce,Lara,Young-Brown,nathanlara@yahoo.com,463.698.3727
557,Susan,Little,Brown PLC,angela21@gmail.com,+1-816-102-0964x7199
558,Laura,Warren,Meyers-Edwards,rachel07@king.com,(791)731-2529
559,David,Johnson,"Knox, Webb and Johnson",jprice@hotmail.com,+1-074-369-3404x103
560,Lauren,Hester,Lopez-Greene,zrose@bauer.biz,990.183.2288x421
561,Hailey,Rice,Medina-Williams,megan93@gmail.com,662-043-1644
562,Robin,Davidson,Graham-Young,phyllisgutierrez@gutierrez-brown.com,(696)546-8965x08936
563,Jeremy,Pham,"Townsend, Pollard and Barker",imcintosh@lamb.com,(041)230-6630
564,Latoya,Smith,Johnston PLC,andersondavid@gmail.com,041.551.4320
565,Richard,Patel,"Young, Davidson and Smith",angel47@hotmail.com,2431973689
566,Melanie,Christensen,Evans Ltd,elizabeth06@gmail.com,482-199-6004
567,Natalie,Brooks,"Ruiz, Hughes and Burns",jonesnicholas@hotmail.com,049-433-2473
568,Amy,Evans,Carey PLC,harrispamela@gmail.com,740.491.4255x399
569,Kathleen,Bowen,Brown PLC,christine66@yahoo.com,1270665727
570,Julie,Diaz,Underwood-Thomas,lindaharris@yahoo.com,+1-610-097-3843x9200
571,Nicolas,Sims,"Cannon, Lewis and Lawson",mwhite@wallace.info,+1-437-869-4113x97651
572,Patrick,Wilson,Wilcox and Sons,peterpatel@wells.com,1361004893
573,Renee,Solomon,Bryan-Mack,jacksonjames@hotmail.com,001-254-891-0944x1252
574,Morgan,Pope,Scott LLC,boydtiffany@gmail.com,750.404.5479
575,Matthew,Hartman,"Crane, Williams and Oliver",nicolestephens@acosta.info,(719)401-0191x1157
576,Stephen,Alvarez,Hammond-Cordova,blake38@gmail.com,168-515-0797
577,Beth,Harrison,Mack-Wright,bianca46@jones-hardy.org,+1-595-879-1238x7585
578,Heather,Mcbride,Scott LLC,xjohnson@mckenzie.com,0911909765
579,Christopher,Gonzalez,Kirk-Hansen,jonathan58@hotmail.com,656.050.9692x869
580,Pam,Murray,Lopez PLC,campbellbenjamin@mckinney.org,913-892-1688
581,Vanessa,Carter,Hernandez Ltd,qwalter@swanson-scott.biz,737-443-5093x99001
582,Michael,Curry,"Garcia, Lawrence and Quinn",megan57@yahoo.com,582.695.7249x1241
583,Micheal,Nunez,Wilcox-White,rodriguezbill@hotmail.com,001-122-195-0311x3087
584,Tara,Peck,Greer-Holder,simmonsemily@hotmail.com,859-464-7762
585,Heather,Snyder,Smith-Taylor,solisdavid@russell.org,018.997.3042x987
586,Lindsey,Wood,"Fleming, Guzman and Francis",michealbruce@hunter-anderson.com,946.871.2333x2486
587,Carla,Armstrong,Harris-Villarreal,thomas31@combs-jones.com,428.662.5911x933
588,Rebecca,Page,Douglas PLC,igutierrez@hotmail.com,016-953-9416x0385
589,Laura,Rios,Terry-Ramirez,wilkersonalicia@baker-anderson.com,+1-238-369-9671x44076
590,William,Wise,Alvarado LLC,amberdavidson@hotmail.com,241.829.5067
591,Brian,Arnold,"Clark, Keller and Olson",weaverjeffrey@perez-hunt.com,240-375-7473
592,Mary,Richardson,Cox Group,evansallison@hotmail.com,(511)874-6670x694
593,Matthew,Martin,Harris Inc,ashleybruce@rose.biz,737.941.1521x999
594,David,Nolan,"Wells, Gonzales and Saunders",nicholasday@yahoo.com,+1-438-172-1677
595,Christina,Hernandez,Alvarez-Hamilton,emilycastillo@johnson.com,309.252.0636x919
596,Benjamin,Holloway,Nash PLC,brandon84@yahoo.com,389.112.7232
597,Michele,Chambers,Brown-Floyd,carolineterry@yahoo.com,(456)827-1058x02989
598,Amanda,Hodge,Haynes-Kirby,oneillcarol@walker.com,(265)709-6476
599,Timothy,Williams,"Shields, Parrish and Gregory",otaylor@bell.com,028-101-3738
600,Ashley,Decker,"Smith, Hernandez and Carr",nguyenamy@villegas.com,099.654.0458
601,Robert,Arellano,"Wade, King and Lee",washingtonjulie@hall.org,7088539204
602,Michael,Thompson,Kelly-Dudley,gabrielle04@yahoo.com,+1-304-450-7458x45608
603,Haley,Weber,Sutton-Molina,kochnicole@yahoo.com,001-623-287-3375x15135
604,Dawn,Mclaughlin,Martin PLC,andrew99@hotmail.com,5769278859
605,Denise,Jones,Simpson-Ellis,morgandavis@francis.org,507-776-7152
606,Timothy,Jackson,Powers LLC,yball@freeman.com,001-643-356-9664x24013
607,Denise,Santana,Lawrence and Sons,uhodge@yahoo.com,+1-495-305-8458x36112
608,Sarah,Benson,Brown and Sons,gbishop@hotmail.com,+1-978-324-3129x6578
609,Mary,Terrell,Glenn LLC,leahvalencia@gmail.com,3882268839
610,Eric,Waller,Chapman-Patton,fdavis@hampton-garcia.biz,+1-892-181-7521x544
611,Brandon,Suarez,Johnson-Underwood,russell34@hotmail.com,5373119875
612,Ryan,Figueroa,Cohen and Sons,josephellis@cooper-fischer.com,(804)757-2194x718
613,Todd,Shaffer,"Gomez, Stephens and Walker",jeffreytaylor@hotmail.com,001-449-938-8706x550
614,Edward,Phillips,Carter-Snyder,jeremysilva@yahoo.com,001-023-796-9428x85745
615,Erica,Hays,Diaz-Jefferson,klopez@yahoo.com,001-903-764-8558
616,David,Bishop,Tate-Hartman,zwalker@callahan-smith.com,+1-592-639-2189x519
617,Vanessa,Harris,Fletcher and Sons,brenda36@hotmail.com,+1-831-733-7405x949
618,David,Morrison,Perkins Ltd,jaclyn78@yahoo.com,678-357-6928
619,Mary,Anderson,Harrell Inc,kathyking@hotmail.com,(345)679-2439x2273
620,Brian,Bailey,Myers Group,davidmyers@gmail.com,001-422-309-8599
621,Mark,Reynolds,Moore Inc,walkersandra@yahoo.com,194-584-9992
622,Randall,Stephens,"Obrien, Banks and Johnson",jgarcia@hotmail.com,364-102-9872x11168
623,Justin,Young,Castro and Sons,phelpsjonathan@yahoo.com,881-283-4109
624,Sydney,Parker,"Stewart, Charles and Flowers",fjohnson@mccormick.com,306.025.5809x187
625,Michelle,Sawyer,"Hart, Hicks and Kelly",castilloamanda@mills-romero.biz,546-646-9632x39244
626,Richard,Munoz,Prince Inc,singhelizabeth@gmail.com,1843624960
627,Tracy,Jackson,Bell Group,lindsey84@robinson.com,447.265.1652
628,John,Maxwell,Gonzales LLC,jonathan32@davis.org,(364)472-5417x36148
629,James,Miranda,Roberts-Cox,jordan21@smith.com,170.389.6177x6424
630,Steven,Jones,"Perez, Smith and Mills",campbellaaron@martinez-lopez.com,858-862-4448x167
631,Kimberly,Shaffer,Hughes PLC,hhaley@faulkner.com,4580468698
632,Jeff,Warren,"Phillips, Bates and Murphy",shannon29@yahoo.com,957-568-5611x5107
633,Lawrence,Goodman,Aguilar-Schmidt,vcastillo@yahoo.com,1489603541
634,Christine,Yang,Sellers PLC,bergcarol@anderson.net,990.088.2927x28681
635,Matthew,Sanchez,Cook Ltd,mmorrison@hotmail.com,104-211-8247
636,Paul,Rogers,Hall Ltd,kingrichard@hotmail.com,994.147.2561
637,Jason,Jones,"Hayes, Shaffer and Morrow",paulahuber@yahoo.com,+1-538-444-7980x57505
638,Darlene,Harper,Holmes-Hill,petersonlisa@gray.org,949.846.6010x3093
639,Zachary,Yates,"Lambert, Johnson and Turner",christopherkeller@peterson-nelson.com,587.070.5750x1215
640,Andrew,Palmer,"Green, Jackson and Ellison",kelly26@yahoo.com,073-142-0948x1445
641,Maria,Harvey,"Collins, Saunders and Wilson",oanderson@clark-riley.biz,(755)038-7131x49051
642,Molly,Sanders,Peterson Inc,levybrittany@yahoo.com,001-378-418-0703
643,Jennifer,Miller,Webster-Davis,leejennifer@gmail.com,(687)111-2781x54131
644,Kathryn,Carroll,Campbell-Rush,xdennis@hotmail.com,805.500.4033x06804
645,Wanda,Lambert,Duncan-Ray,dixonjames@gmail.com,186-235-8045
646,Abigail,Reeves,"Ross, Galloway and Kim",clawrence@yahoo.com,601.850.7807
647,Kendra,Delgado,Bush-Barry,fherman@hunter.com,(558)150-3956x76538
648,Brendan,Howard,Pope-Brown,lrivera@potter.com,293.970.8606
649,Amanda,Miller,"Madden, Johnson and Brown",pagenatalie@yahoo.com,922.245.4393x7346
650,Amanda,Maynard,Owens-Acosta,qcastro@willis-williams.net,+1-656-399-0052x92484
651,Michael,Morton,Jones and Sons,stephensmarcus@washington.com,+1-030-654-8086x87759
652,Lisa,Kennedy,"Torres, Galloway and Boyd",jillconley@perez.net,357.950.0184x5522
653,Mark,Maxwell,Black-Smith,jwilson@miranda-contreras.com,112-393-2744x62385
654,Paige,Taylor,Robinson Group,harrelljared@gmail.com,(577)626-7110x972
655,Anna,Lee,Hoffman Ltd,heidi87@yahoo.com,(745)913-5196x67346
656,Mark,Baker,Kirby and Sons,webbjessica@williams.com,(997)860-2443
657,Richard,Ingram,Ruiz-Nguyen,richard18@gmail.com,001-942-631-8022
658,John,White,"West, Conner and Knight",rortega@yahoo.com,001-999-011-4634
659,David,Bush,"Short, Edwards and Phillips",andrewleonard@gmail.com,+1-761-014-3083x469
660,Robert,Caldwell,"Mccall, Hardy and Duncan",tonychapman@harris.net,001-591-633-1001x8548
661,Amy,Mullen,Gonzalez LLC,michaelthompson@yahoo.com,(684)808-3233x495
662,Wesley,Davis,"Hudson, Dixon and Lang",ewilliams@higgins.com,001-440-209-7087x67364
663,David,Spears,Riley Ltd,pamela25@rogers.com,6974253734
664,Jessica,Tucker,Hanson-Robinson,james44@yahoo.com,+1-561-768-3471
665,Darren,Scott,Nelson-Gates,briankent@olson.biz,409.164.5466
666,Patrick,Brennan,"Faulkner, Anderson and Walker",arthur78@hotmail.com,147.152.1259x26161
667,Brenda,Edwards,Cohen and Sons,selena48@yahoo.com,3636054649
668,Monica,Kemp,Alvarado and Sons,brittney22@gmail.com,035-280-7999
669,Douglas,Gomez,Quinn Group,thompsonlisa@warren-davis.com,213.728.4874x181
670,Robert,Roberts,"Hughes, Gallagher and Carter",leecassandra@gmail.com,(085)109-4880x4432
671,Justin,Barron,"Thomas, Sanchez and Carter",dawnwoodard@martin-wells.info,399-969-4595
672,Todd,Gonzalez,Lowe-Davenport,brenda65@yahoo.com,297-332-4929x38371
673,Barbara,Jordan,Stevens-Brooks,nmarshall@bradford.org,207.964.5382
674,Erin,Summers,"Galvan, Pearson and Holloway",emilyyoung@yahoo.com,(290)249-6200
675,Andrew,Phillips,Sanders-Edwards,valeriewaller@nelson.info,929-682-9232
676,Cynthia,Gomez,"Shea, Jones and Mcclure",daniel58@yahoo.com,115-350-9780
677,Tyler,Nelson,Arellano PLC,andrew19@hotmail.com,308-609-3577
678,Richard,Bell,Fernandez Ltd,kathleen29@turner.com,399-644-9921
679,Patricia,Leach,Collins-Moore,moorepaul@hess.com,268.169.3302
680,Erin,Jones,Mcneil LLC,keithhoffman@yahoo.com,690.785.6099
681,Angela,Roberts,Livingston-Lewis,mbrown@whitehead-wood.com,674.513.6046
682,Geoffrey,Patel,Williams-Morrison,hortonrichard@hotmail.com,490.561.2393
683,Mary,Anderson,Morgan LLC,barrettrhonda@byrd.com,412-250-8519x378
684,Cynthia,Barber,"Rangel, Wiley and Armstrong",michael84@gmail.com,001-525-086-0474
685,Jacob,Dunn,Wilson-King,blackwellshelley@hotmail.com,(557)150-2224x087
686,Daniel,Martin,Knight-Rodriguez,opearson@jordan-liu.com,949.039.2571
687,Angela,Navarro,Williams-Warner,owenskatherine@hotmail.com,001-584-667-6916x15716
688,Charles,Lewis,Kim LLC,anita46@gmail.com,+1-852-907-9063
689,Meagan,Gentry,"Pollard, Bernard and Barr",donnastevenson@hotmail.com,(042)994-4763
690,Marcus,Blake,"Hill, Michael and Smith",jamesmartin@barajas-wilson.com,107-067-5588x694
691,Jessica,Armstrong,Nelson-Fox,dfloyd@yahoo.com,(215)377-5497x428
692,Paige,Burnett,"Martin, Hurley and Garcia",jkent@ward-thomas.com,811.756.8829
693,Shannon,Ramirez,Serrano-Jones,taylor83@hotmail.com,083-757-3778x817
694,Clinton,Stewart,Rodriguez-Wolfe,josephbuck@murphy.info,196.195.9510x8601
695,Nicole,Haynes,Poole-Gentry,amandadavis@yahoo.com,445.919.8246
696,Lisa,Reese,"Carr, Brown and Mendoza",timothy85@conrad.org,001-181-665-0923x34332
697,Michael,Campos,West-Harper,melissawhite@robinson.org,(271)451-4780x726
698,Barbara,Cruz,Brown-Ayers,mriggs@gordon.com,(671)259-0921x86216
699,Kimberly,Ware,Mathews Ltd,marysexton@herman.com,759.713.1846
700,Jared,Johnson,Owens Inc,everettkara@weaver-barrett.com,+1-681-319-9529x845
701,Stephanie,Patel,"Chang, Wilson and Harris",sydney08@drake.com,624.301.3450
702,Daniel,Ross,Richardson Ltd,andrew78@yahoo.com,+1-193-908-7665x556
703,Tara,Smith,Hill-Young,kevin64@yahoo.com,793-117-3450
704,Alan,Fox,Berry Inc,arnoldkevin@stewart.com,001-810-211-6355x853
705,Joanne,Welch,Jones PLC,matthewharrison@gmail.com,+1-695-047-8557x90881
706,David,Craig,"Chavez, Cruz and Banks",ylawson@cantrell.net,594.479.5001x729
707,William,Green,"Johnson, Pierce and Pena",douglasterry@christensen-kelley.com,001-103-726-1335x937
708,Joshua,Hawkins,Foster Ltd,normaallen@beard-burke.org,(743)539-0873x226
709,Travis,Brown,Gilbert PLC,mark97@king.org,9625778267
710,Amanda,Warren,Chavez LLC,qshelton@hotmail.com,572.127.1692x642
711,Pamela,Roman,Carpenter Ltd,leslie87@richard.info,568-525-4920
712,Natalie,Harrison,Brewer PLC,webstertony@johnson-robertson.biz,377-957-9927x69181
713,James,Garcia,"Nguyen, Rollins and Wilson",barnesjulie@hotmail.com,327-883-6112
714,Eddie,Brooks,Scott Ltd,mercedes43@yahoo.com,001-008-155-0632x792
715,Steven,Valencia,Banks Ltd,thomas59@hotmail.com,001-442-784-7980
716,Brad,Kelly,"Castaneda, Wilson and Gay",rangelabigail@yahoo.com,245-196-7634x9112
717,Alisha,Strickland,Watkins-Hall,hicksanna@richards.com,(654)558-9671x26765
718,Anthony,Conner,"Freeman, Mcdaniel and Guerrero",gyates@yahoo.com,668-649-2237x6306
719,John,Hernandez,Baldwin Ltd,toddblake@flores.org,444-410-5503
720,Scott,Hogan,Smith-Hill,vvaldez@hotmail.com,001-059-244-7483x039
721,Diana,Tucker,"Hunt, Jones and Terry",moniqueryan@gmail.com,+1-689-551-5198x4041
722,Jennifer,Bennett,Miles Inc,travisstanley@smith.com,102-884-4038x982
723,Christopher,Lopez,Brown Ltd,rmontes@sanders.com,869-233-9919
724,Kaitlyn,Garcia,"Martinez, Hernandez and Scott",bowmanalisha@mills.com,543-210-3081x485
725,William,Carter,"Roberts, Stokes and Cook",stacey92@hotmail.com,+1-509-424-5491x2060
726,William,Romero,Rivera Group,qthomas@hotmail.com,(037)983-1974
727,Kendra,Roberts,Hanson PLC,hubermatthew@fernandez.net,(543)762-3958x60201
728,Patricia,Murphy,Mitchell PLC,youngstacy@hotmail.com,+1-430-978-6883x366
729,Carrie,Keller,"Moss, Williams and Conway",julieperry@west-kelly.net,001-176-621-5641
730,Steven,Fitzgerald,Fleming and Sons,rossbrian@hotmail.com,+1-878-471-7339x48697
731,Faith,Tate,"Lopez, Gross and Dunlap",smithjerry@hotmail.com,886-667-5151x583
732,Hannah,Lin,"Holt, Dalton and Gonzalez",bergerlouis@grant-fowler.info,(703)672-3845x62422
733,Stephen,Castro,Jones-Rivera,pgreene@shaw.com,456.090.8417
734,Audrey,Wilson,"Gomez, Smith and Adams",hamptonalyssa@gmail.com,435-922-7327x2947
735,Jessica,Brooks,"Tran, Freeman and Smith",jenniferfletcher@hebert.com,182.514.4772
736,Richard,Gray,"Warren, Johnson and Villarreal",varnold@yahoo.com,+1-509-989-3164x21099
737,Morgan,Matthews,"Curry, Macias and Scott",campbellryan@hotmail.com,025-142-7580x308
738,Rachel,Hill,Mckee-Benitez,yayers@gmail.com,457.012.6804
739,Christopher,Estrada,Rodriguez-Brown,elizabethwall@hotmail.com,(970)342-4906x83644
740,Stephanie,Hayes,Butler-Avila,bryce12@mack.com,001-702-906-6174x994
741,Patrick,Rhodes,"Taylor, Hawkins and Pittman",crystalparks@hotmail.com,2509161535
742,Ryan,Carlson,"Williams, Rodriguez and Brown",dramsey@hotmail.com,974.444.7212
743,Christopher,Lopez,Murray-Ibarra,jamesbruce@yahoo.com,(024)793-2329
744,Ashley,Huber,French-Bryant,mooretravis@yahoo.com,(944)495-9896
745,Richard,Alvarez,Harrison-Khan,kellygregory@russell.org,+1-986-294-7958x9443
746,Jared,Lee,Silva PLC,johnjennings@gmail.com,+1-200-090-9795x98829
747,Anna,Cole,Collins Inc,kathy35@hotmail.com,8897780999
748,Travis,Smith,"Wilson, Bautista and Brown",johnsonlauren@roberts.com,(451)415-4934x8325
749,Gina,Thomas,Russell Inc,tara69@gmail.com,(778)172-3107
750,Danielle,Sullivan,Holden-Webb,kelleyamanda@ramirez-molina.com,334.245.8879x8273
751,Rhonda,Hayden,"Mcdaniel, Lopez and Cantu",daniel72@gmail.com,+1-740-500-6590x89235
752,Sharon,Newman,"Callahan, Mcdonald and Scott",johnsonjohn@yahoo.com,+1-074-390-6574x20300
753,Sarah,Harris,Thompson LLC,smithjeffrey@hotmail.com,5795131369
754,Thomas,Taylor,Sanchez Inc,zhangmichele@hotmail.com,725.655.1568
755,Timothy,Benson,Davis LLC,turnerheather@hotmail.com,001-418-546-1163
756,Tiffany,Vang,Bautista and Sons,kennedymonica@gmail.com,+1-564-284-4000x711
757,Cathy,Brown,Jones-Rivera,wilkinsamanda@diaz.org,001-996-260-4603x06573
758,Patricia,Reese,Kemp Group,bakerluke@yahoo.com,724-040-3192
759,Christine,Garcia,Ware-Evans,kellyjoshua@yahoo.com,2117813052
760,Brian,Orozco,Chambers-Thomas,holderdavid@gmail.com,+1-309-288-4111x3714
761,John,Ayers,"Kennedy, Coffey and Hobbs",amanda08@andrade.net,179-204-6119
762,Jesse,Smith,"Turner, Preston and Gardner",gregorycoleman@moore.com,(434)265-4952
763,Eric,Goodman,Conner-Santos,amanda97@wilcox-fletcher.net,064-884-4963x6972
764,Makayla,Gonzalez,"Schwartz, Wood and Hutchinson",courtneybass@gmail.com,293-512-6894
765,Melanie,Clay,Bowers-Anderson,hmolina@johnson.com,(627)120-5610x31709
766,Lisa,Watkins,Anderson Group,deanchristie@gmail.com,001-188-444-3400
767,Melanie,Summers,Martin Inc,danielsjason@gmail.com,334-888-9121x54873
768,Alexis,Robles,"Gibson, Riley and Matthews",garciamelissa@yahoo.com,+1-683-231-4716x870
769,Christopher,Rojas,Harris-Caldwell,jeffreyjohnson@yahoo.com,(961)346-0733x1922
770,Samantha,Nixon,Wilson and Sons,bryansarah@powell.com,980-854-2317x720
771,Kyle,Blair,Nelson LLC,ehughes@garza-lopez.com,+1-068-290-3595x9147
772,Christian,Ibarra,Joyce-Mcguire,christineroberts@hotmail.com,+1-947-845-8282
773,Danielle,Barrett,"Thornton, Morgan and Clark",qriley@lopez-flores.com,001-380-284-2303x50490
774,Angela,Mcgee,Simmons-Castro,owelch@arroyo.com,(812)171-7862
775,Holly,Lewis,Davis Inc,michaelmorris@yahoo.com,(466)913-8067x3284
776,Scott,Miller,Nguyen and Sons,gregory80@herrera-ortiz.com,028-771-8876
777,Tiffany,Jones,Jones-Levine,tvasquez@caldwell-ryan.com,043-333-2091
778,Jeffrey,Davis,Martin PLC,cbrown@yahoo.com,+1-924-620-8271x42986
779,Kara,Garcia,"Stevenson, Morris and Mcdonald",nlee@yahoo.com,(882)979-0889x6989
780,Janice,Henry,Rogers-Johnson,miguelwalker@hotmail.com,545-535-9810x484
781,Daniel,Roman,Rhodes Inc,smitheric@gmail.com,+1-684-904-6164x47611
782,Bradley,Jones,"Villarreal, Brown and Chambers",gabrielledoyle@yahoo.com,(074)969-6515x222
783,Jose,Watts,Calhoun-Carter,jacob21@hotmail.com,307.954.2025x0019
784,Martha,Kramer,"Parks, Atkinson and Schwartz",johnlloyd@hotmail.com,7028362049
785,Elizabeth,Miller,"Evans, Johnson and Hart",jerry02@yahoo.com,001-016-462-8586x55409
786,Miranda,Best,"Melendez, Gonzalez and Nicholson",derek69@hotmail.com,4175846349
787,Taylor,Williams,Parsons-Cunningham,kellyespinoza@yahoo.com,+1-733-157-5993x396
788,Victoria,Wiley,"Parker, Wilson and Wilson",hunter32@vance.com,(848)835-2226
789,Matthew,Jensen,Lara-Miller,markfitzgerald@choi-house.com,517-743-8671
790,Colleen,Parsons,Taylor LLC,gibsonelizabeth@gmail.com,285.050.1083x7438
791,Tammy,Burke,Graham Inc,matthewclark@torres-gillespie.net,+1-568-942-9478
792,Nicholas,Pearson,Smith Inc,michaelsanders@yahoo.com,+1-732-044-5820x4601
793,Mercedes,Howard,Castro Inc,wmosley@robinson.com,4516183033
794,Brian,Oneill,Bernard-Martin,pmason@hotmail.com,001-368-610-8986x61383
795,Dawn,Ramirez,Stout-Garcia,joshualong@silva.com,+1-319-985-5675
796,Christopher,Henry,Erickson Inc,brittany11@sellers.org,894-755-7585x9808
797,Arthur,Lloyd,Ali-Flowers,bryan43@yahoo.com,882.041.5395
798,Stacey,Maxwell,Brown-Perkins,glenn38@gmail.com,001-981-798-4660x31617
799,David,Moore,Rodgers-Bennett,wusheila@yahoo.com,001-169-465-8695x90090
800,Anthony,Kirby,Brown LLC,qnichols@logan-lee.com,+1-088-544-7153x85160
801,Kirsten,Paul,"Wells, Wood and Schneider",cthompson@yahoo.com,189.772.0809
802,Steven,Obrien,"Olson, Hernandez and Thompson",scarrillo@hughes.org,+1-496-851-1831x6329
803,Rhonda,Brown,"Hayes, Hall and Williams",monroexavier@gmail.com,879-506-3321x730
804,Leslie,Pena,Jenkins LLC,ngarrett@gmail.com,150-322-0467x28280
805,Anita,Rios,"Edwards, Rodriguez and Ramirez",baldwinjill@fuller-bryant.info,001-293-585-4590x6152
806,Frederick,Walters,"Brown, Smith and Edwards",kthompson@gmail.com,610-275-1618
807,Amanda,Swanson,Thomas Inc,armstrongjulie@hotmail.com,001-374-247-1348
808,Glen,White,"Green, Jones and Wilkerson",jack61@mendoza.com,027.136.7492
809,Ruth,Martin,Brown Inc,scott56@hotmail.com,+1-850-764-4972x61098
810,Michelle,Hall,Chavez and Sons,danieldixon@gmail.com,+1-042-561-3133x724
811,Nicole,Santiago,Carroll-Hamilton,trevinolisa@grant.biz,+1-202-738-2062x2698
812,Whitney,Gonzales,Griffin-Carney,theodore41@hotmail.com,430-039-1686
813,James,Vazquez,"Francis, Smith and Ryan",donaldallen@yahoo.com,903-165-3571
814,Tyler,Schneider,Martinez-Marks,oevans@gmail.com,388-834-1255x32524
815,Brian,Taylor,"Parrish, Jacobs and Aguilar",mfarmer@adams.com,564-997-2180x7191
816,Sharon,Rivera,"Nichols, Robinson and Fowler",tmccormick@hotmail.com,001-784-244-8200
817,Mikayla,Zimmerman,"Best, Russell and Chavez",christina98@mason.com,001-394-335-8544x1428
818,Claudia,Reyes,"Schultz, Fisher and Munoz",dalemontgomery@rojas.org,001-453-716-8725x8523
819,Mitchell,Garcia,Brown and Sons,bushwilliam@kelly.net,452.679.3652x632
820,Daniel,Chapman,"Sanchez, Alvarez and Mcdowell",rharris@gmail.com,001-917-839-9947
821,Ashley,Hughes,"Willis, Lewis and Smith",rodriguezricky@graves-davis.com,+1-303-628-6465
822,Patricia,Thomas,Rivera Ltd,jamiesolis@jordan.net,001-858-347-3696x023
823,Christina,Mendoza,"Price, Allen and Fleming",gmartin@gmail.com,001-373-010-3416x15615
824,Mary,Miller,"Flores, Brown and Hurley",wdavis@yahoo.com,(892)017-2244x5469
825,Alexis,Pratt,Benjamin-Mitchell,nicholaswilliams@gmail.com,781.028.8795
826,Tyler,Farrell,"Steele, Alvarez and Burke",kathleen26@ellis.biz,249.084.7820x048
827,Amanda,Fernandez,Sullivan and Sons,michaelparker@brown.org,(374)389-9531
828,Jay,Hoover,"Black, Christensen and Tucker",bethrodriguez@lawson.com,372-316-7660
829,Lauren,Elliott,"Burke, Larsen and Montoya",penadeborah@turner-cole.biz,566.466.8391
830,Jo,Peterson,Thomas LLC,karenbyrd@pratt-brock.com,(004)493-1795x9578
831,Jonathan,Stewart,"Armstrong, Brown and Kirk",bbyrd@williams.com,(560)229-7455
832,Sheryl,Wright,Flowers Inc,klewis@cortez.info,280-738-3930x5520
833,Kimberly,Diaz,Herman-Shaw,roy73@gmail.com,5750083895
834,John,Valentine,"Stanton, Garcia and Holmes",conradalexis@henry.net,4490321314
835,Joseph,Morris,Cook Group,lawsonraymond@martinez.org,001-594-241-9421x9261
836,Lauren,Jimenez,Clark-Ramirez,christopher74@yahoo.com,654.493.0178
837,Timothy,White,Bonilla LLC,jennifergriffith@schmidt.com,660.499.5952x54143
838,Debra,Reyes,"Taylor, Contreras and Barnett",willie51@campbell-collins.com,(230)921-3017
839,Kimberly,Glenn,"Kemp, Johnson and Moss",cheryl96@yahoo.com,160-435-3759x21325
840,Brian,Vasquez,"Baldwin, Haney and Sloan",thall@watson.net,538-007-5714x42740
841,Rachel,Sherman,"Pineda, Aguilar and Martin",wdavis@yahoo.com,+1-498-589-4404x277
842,Emma,Anderson,Cook Group,contrerasgregg@hernandez-hill.com,714.400.7792x95226
843,Dennis,Hunt,Wood-Norman,kimerin@torres.biz,(939)806-1239x435
844,Carlos,Clark,"Allen, Thomas and Douglas",jackevans@gardner-williams.com,268-053-1333
845,Joseph,Taylor,"Barber, Wells and Mahoney",patrick11@davis.com,001-581-213-3240x2390
846,Jennifer,Rosales,Kerr and Sons,daughertyricky@gmail.com,001-703-686-9768x745
847,Jonathan,Berry,Carson-Gonzalez,hunterpaula@hotmail.com,8518011906
848,John,Dawson,"Walls, Johnson and Cox",fcrawford@bowman-reyes.org,001-823-195-0112x25477
849,Anthony,Golden,Jones-Wright,goodmananita@hotmail.com,783.939.8620x966
850,William,King,"Villanueva, Meza and Green",williamnelson@hunt.com,001-762-267-9832x916
851,Holly,Garcia,Harris LLC,farmstrong@yahoo.com,(841)559-7470x110
852,Stacey,Parker,Gardner-Manning,kaylaryan@hotmail.com,345.517.0224x140
853,Desiree,Alvarez,"Bird, Davis and Blackwell",tford@yahoo.com,473-043-6164
854,Ryan,Thompson,"Mathews, Wagner and Wilson",pgarcia@harris.net,001-341-256-8112x005
855,Allison,Dominguez,Davis-Johnson,lgonzalez@reed.com,+1-597-295-1977
856,Jamie,Smith,"Lutz, Campbell and Daniels",shanemayer@martin.com,951-413-5129
857,William,Silva,Huerta-Franklin,gblair@nixon-smith.com,+1-499-044-3519x97566
858,Beth,Walker,Kelly-Wilson,guerrarussell@yahoo.com,709-718-4295
859,Amanda,Hancock,Pratt Ltd,zlucas@gmail.com,697-421-7519x5979
860,Austin,Montes,"Greene, Johnson and Doyle",dwallace@yahoo.com,(558)479-6422
861,Jeffrey,Clark,"Moreno, Price and Hunter",amartinez@gmail.com,+1-660-257-8121x9679
862,Sarah,Pennington,"Carney, Morales and Garcia",elizabethsimmons@smith.com,537-628-1662
863,Jonathan,Adams,Cummings-Weaver,shawn54@mcgee.com,336-997-4232x48586
864,Andrew,Wright,Holt LLC,smithtiffany@gmail.com,785-343-7922x90888
865,Philip,Williams,"Bennett, Mccoy and Raymond",bookerjeremy@rich.org,014-084-8911
866,Russell,Campos,Pratt-Lewis,kochjustin@yahoo.com,312.542.1554x4807
867,Ashley,Lopez,Fowler-Jackson,donna92@sampson.org,(374)786-3438x59374
868,Eric,Brown,Garcia-Alexander,gnixon@black.com,+1-231-496-5005x86302
869,Thomas,Williams,Bell Inc,felicia60@yahoo.com,001-369-052-4721
870,Erika,Harris,"Meza, Cardenas and Gentry",rreese@hotmail.com,(653)522-9411x29567
871,Lauren,Smith,"Gray, Mills and Johnson",megandowns@williams.biz,066-559-9593x2439
872,Jeffrey,Ellis,"Simpson, Roberts and Lee",marcuskelly@hanson-thomas.com,3230192487
873,Charles,Hernandez,Martinez PLC,emelton@gmail.com,001-591-846-7157x729
874,Sherry,Hernandez,"Valdez, Washington and Gregory",michellemora@gilmore.com,(680)774-3260x846
875,Jay,Cortez,Freeman LLC,gavila@gmail.com,721.402.1007x698
876,Shannon,Zimmerman,Duke-Robertson,cheryl14@gmail.com,001-128-912-7521x852
877,David,Dunn,Woods Group,jeremythomas@rollins-yang.com,001-273-157-5816x283
878,Holly,Patel,"Arroyo, Donovan and Neal",npatel@gmail.com,001-589-564-9300x06080
879,Michael,Anderson,Cook PLC,eric48@bauer-bailey.biz,462.979.9573x67895
880,Christopher,Watkins,"Cooper, Walker and Pruitt",ryan59@jennings-vaughn.com,138.534.9458
881,Crystal,Smith,Mclaughlin-Guerra,rayalexander@gmail.com,357-620-7980x92262
882,Wendy,Serrano,Parker-Ross,darren15@diaz.com,(009)251-3638
883,Kathleen,Stephens,Valdez-Torres,adambarnett@gmail.com,001-857-276-5688x1036
884,Jeffrey,Morales,"Vance, Hines and Ruiz",shanemitchell@yahoo.com,547.601.7620x6595
885,Michael,Williams,"Lynch, Kramer and Summers",nicolealexander@hotmail.com,(015)697-2418x4233
886,Tracy,Lester,"Mitchell, Schneider and Johnson",ysmith@johnson.com,+1-619-358-9851x012
887,Katie,Travis,"Parker, Benson and Bradshaw",christophersolis@gonzalez.com,638.418.2868x6530
888,Sara,Whitney,Mendez Inc,tiffanyfitzpatrick@hotmail.com,(166)555-2192x830
889,Nancy,Russell,Lee LLC,christopherjames@rodriguez.net,386-757-7032x32784
890,Andrea,Phelps,Odom-Thompson,christophernguyen@hotmail.com,001-740-224-9401x7789
891,Ashley,Andrews,"Collins, Holloway and Arnold",kenneth63@mahoney.com,122.480.4147x3225
892,Shelly,Rose,"Morgan, Kim and Smith",zpratt@cohen.info,681.023.3939x693
893,Nicholas,Martin,Payne-Fuller,usmith@yahoo.com,(899)641-2803
894,Francisco,Padilla,Alexander Group,cdoyle@gmail.com,001-582-459-4014x92733
895,Michael,Chapman,"Skinner, Lopez and Evans",obrienchristine@barker.net,446-160-3710
896,Brian,Fuentes,"Mccoy, Mccormick and Jones",shaunhowell@gmail.com,7700319600
897,Breanna,Sparks,Scott-Alvarez,christopherhill@rivera-bennett.biz,+1-181-230-7855x8572
898,Donald,Gonzalez,Moreno PLC,victoriarich@gmail.com,537.936.8403x337
899,Kayla,Brown,"Harris, Bruce and Perkins",john17@hotmail.com,028.492.0202x1076
900,Aaron,Lewis,Evans-Mcdonald,ydillon@page.com,+1-715-235-5675
901,Casey,Anderson,Soto-Gentry,thompsonmary@morrison-cooper.org,(988)842-4660x77431
902,Tom,Garza,Anderson PLC,cmays@hancock.com,(443)845-1230x7884
903,Victor,Harris,Wood-Bradley,bhernandez@santos-ruiz.info,(867)847-3689x455
904,Michael,Powell,"Mora, Lindsey and Macias",qmorgan@phillips-martinez.com,001-800-065-5900x15506
905,Susan,Campbell,Torres-Roberts,reidtroy@gmail.com,+1-912-761-7742
906,Mary,Gonzales,Smith-Camacho,travis55@spears.com,(149)017-1485
907,Kelly,Osborne,"Day, Williams and Ford",anthony22@gmail.com,750-470-1483x0752
908,Robert,Mercer,Dorsey-Best,smithmatthew@gmail.com,(458)202-9890
909,Kathleen,Neal,"Jones, Harrell and Jackson",johnschwartz@morgan-kaufman.biz,001-683-425-0712x33357
910,Sherry,Castillo,"Thompson, Turner and Padilla",joseph86@yahoo.com,001-349-524-7182
911,Christopher,Morris,Smith Inc,brian11@yahoo.com,5151656696
912,Michelle,Rodriguez,"Stephens, Smith and Nichols",tguzman@gmail.com,000.783.2102
913,Christopher,Graves,Gallagher-Adams,kellerjonathan@gmail.com,(089)110-1640x7968
914,Deanna,Page,"Shaw, Hess and Martin",clarkdanielle@callahan.com,+1-156-519-2617x052
915,Gary,Becker,Oneill Group,christine48@evans.com,4954766343
916,Whitney,Williamson,"Fuentes, Brown and Medina",mooreryan@yahoo.com,(001)653-5075
917,Jessica,Campbell,Shelton Inc,saunderseric@yahoo.com,(842)026-9088x09223
918,Timothy,Hoffman,Kennedy-Carr,scollins@gmail.com,001-407-837-2222x5909
919,Danielle,Green,Rocha-Lucas,leewhitney@adams.com,(399)153-8646x7256
920,Courtney,Jones,"Stevens, Nunez and Allen",whitakerjessica@gmail.com,001-066-818-3291
921,David,Sharp,Wright Inc,cheryl97@yahoo.com,673.538.4520x36597
922,Mark,Roberts,Wilson PLC,yhancock@rush.net,4807250866
923,Alan,Harris,Miller-Daniels,annaholloway@hotmail.com,818-644-0164x28910
924,Robert,Green,Butler-Graves,kimberly22@gmail.com,797.241.5347
925,John,Ross,Carroll PLC,keithsloan@gmail.com,295-059-3720x851
926,David,May,"Jackson, Savage and Chapman",wmendoza@hotmail.com,+1-940-949-6145x620
927,Christine,Ward,"Green, Smith and Nelson",eric54@hotmail.com,010.136.7965
928,Marie,Castillo,"Ruiz, Gomez and Guerrero",lsmith@yahoo.com,1818053218
929,Elizabeth,Erickson,Martinez Ltd,victor32@gmail.com,(365)851-4326
930,Alexandria,White,"Jones, Cook and Mccarthy",xpruitt@yahoo.com,+1-430-798-8369x490
931,Amy,Cannon,Clarke-Woods,brittanyperez@kelly.biz,001-274-385-6684x193
932,Jonathan,Donovan,Obrien LLC,richardlawson@yahoo.com,(973)644-7359x460
933,Richard,Douglas,"Solis, Kaufman and Suarez",ldavis@yang-davis.org,831.388.8538
934,Tracy,Wood,Martin-Brown,lindseycarl@day.com,199.239.3219x06162
935,Meredith,Gonzalez,Roberts and Sons,ymoore@austin.com,820.846.3873
936,Nicole,Mills,"Hoffman, Cook and Stone",burnstrevor@adams-clarke.com,001-691-752-8551x084
937,Penny,Stephens,Carroll-Hill,kaylaclements@hudson-reynolds.com,993.435.9975x84719
938,Erin,Mays,"Weaver, Beasley and Frost",archerrebecca@gmail.com,316-945-5082x59240
939,Erin,Brown,Cortez-Murphy,allisonmitchell@hanson.com,+1-066-789-4090x2083
940,Jeremy,Jones,Carr Group,karen88@roberts.com,147-641-4019x806
941,Lacey,Vega,"Davis, Miller and Moore",ethan76@green.net,9119933094
942,Nicholas,Franklin,"Higgins, Hall and Collins",pittmanmeghan@yahoo.com,001-343-654-0881x965
943,Anna,Ferguson,Mccann-Acosta,austin11@howard.com,+1-261-261-7239
944,Joseph,Jones,"Andrews, Booth and Dean",deborah18@richardson.biz,(824)269-0776x288
945,Leslie,Craig,Anderson-Coleman,sydneyphillips@yahoo.com,001-700-509-7375
946,Jose,Wilson,Nguyen-Nichols,epham@chan.biz,622.071.5877x4789
947,Barbara,Lowe,Davis Ltd,richardjordan@ferguson-martin.com,+1-535-559-0337
948,Danielle,Thomas,"Johnson, Ingram and Powers",schultzbrandon@hotmail.com,807-145-0900
949,Brent,Clark,Hayes-King,joe54@yahoo.com,6221424285
950,Angela,Garcia,Lucas-Myers,ellismargaret@yahoo.com,433.264.3457x198
951,Shannon,Robertson,Bautista Ltd,barkertimothy@washington-brown.com,590.870.1725
952,Derrick,Simmons,Duncan-Barker,molly57@yahoo.com,882.345.5571x96379
953,Christopher,York,"Morales, Zhang and Jordan",pruittkayla@larson.net,473-766-4131
954,Anthony,Rodriguez,Travis-Martin,andersoncarrie@tyler.info,591.250.8945x603
955,Andrea,Smith,Yang Ltd,jesse18@gmail.com,701.197.0742x4244
956,Bryan,Rivera,Allen Inc,nicole59@yahoo.com,335-219-3955
957,Thomas,Butler,Smith Inc,nperez@mora.com,+1-930-543-1219
958,Brandi,Ibarra,Taylor-Daniel,williamsmichelle@knight.org,+1-022-002-9420
959,Alan,Bowman,Nelson-Powers,andrew03@torres-bailey.com,+1-802-079-0924
960,Karen,Sanchez,Roberson and Sons,qhurley@brooks.com,605-439-2492x251
961,Charles,Willis,Short-Cannon,ztate@hotmail.com,(714)000-4255x4230
962,Leah,Martin,Miller-Tran,andrew92@hotmail.com,906-958-1265x63163
963,Rachel,Webb,Campbell-Maldonado,joseph42@walsh-ray.biz,001-133-232-2967x73818
964,Shelly,Ross,Williams Ltd,cassandragraves@wang.com,+1-300-377-6719x109
965,Matthew,Cole,Smith-Barrera,marymoore@yahoo.com,454-949-6341x85922
966,Logan,Johnson,Khan Inc,morrisjamie@yahoo.com,(553)061-9728x0701
967,Steven,Garcia,Oliver-Smith,omcdaniel@yahoo.com,(014)496-4232x03698
968,Steve,Howard,Dodson PLC,wardsherri@chang.net,335.090.0288
969,Joshua,Anderson,"Jenkins, Cummings and Schmidt",martinalexandra@hotmail.com,001-938-781-6871x42435
970,Zoe,Johnson,"Marquez, Butler and Bailey",welchmelissa@macias.net,001-740-916-2105x3185
971,Samuel,Reed,"Schmidt, Moody and Cooke",joneskathleen@villa.com,(378)258-9885
972,Ronald,Garcia,Glass-Knight,boyermorgan@hotmail.com,+1-615-616-3104x65202
973,Tiffany,Snow,"Lawrence, English and Soto",christophersingleton@gmail.com,001-460-343-6675x38001
974,Jason,Frye,Short LLC,thomaspadilla@hotmail.com,722-857-0802x72944
975,Robert,Spencer,Edwards PLC,silvapatrick@arnold.com,711.382.4839x0074
976,Marcus,Acosta,Randolph-Brewer,pferguson@cole-gilbert.net,+1-076-361-0831x1358
977,Thomas,Hill,Morgan-Manning,fnguyen@morris.biz,295.652.1718x70680
978,Jason,Morse,"Dawson, Tate and Williams",greenchristopher@yahoo.com,226.727.3469x2219
979,Amber,French,Wright and Sons,thomasroy@hotmail.com,(748)371-6013
980,Daniel,Kelly,"Cummings, Jones and Hicks",zdavis@gmail.com,607-900-7437x312
981,Andrea,Davidson,Powell PLC,tim66@williams-williams.com,+1-632-888-9234x983
982,Nicholas,Hudson,Allen Group,xmoyer@spencer.biz,541-221-9475
983,Kyle,Combs,Harris and Sons,flynnpatricia@yahoo.com,766-804-7747
984,Gary,Burton,Carter-Smith,andrew20@parker-ford.org,6966892744
985,Brenda,Shah,Perez and Sons,gsanchez@yahoo.com,831.413.5166
986,Stephen,Rogers,"Wells, Carter and Shah",briancook@yahoo.com,546-205-1554x00647
987,Michael,Smith,Williams-Velasquez,melissaphillips@yahoo.com,(601)849-3866
988,Matthew,Hester,Hudson and Sons,jenniferdavidson@knight.biz,001-984-312-0534x8917
989,Stanley,Johnson,Rogers and Sons,amymayer@shaw.com,+1-064-691-8170x3283
990,Rachael,Liu,Edwards PLC,amyellis@gmail.com,(611)652-6770x8029
991,Jenna,Morris,Bailey-Lindsey,eatonlindsay@yahoo.com,324-052-6096x614
992,Michael,Villarreal,Montgomery PLC,fgarner@gmail.com,437-689-5814x300
993,Ronald,Wallace,Page and Sons,huffmandaniel@sanders.net,+1-850-658-3613x73050
994,David,Perez,Gray-Finley,fjackson@wright.com,001-296-550-2326x240
995,Grant,Little,Campbell PLC,adamskevin@ryan.com,(952)489-0903x199
996,Lori,Harrington,Molina and Sons,nathancombs@gmail.com,(518)089-7229x1454
997,Terri,Holland,"Fields, Barnes and Bradley",adamsnicholas@hotmail.com,996.370.8382
998,Mackenzie,Lowe,Murray LLC,shawn23@cruz-jones.com,941.587.6503
999,Jackson,Johnson,"Kennedy, Liu and Dean",frussell@hotmail.com,630-252-1841
